TS_Pcomp,TS_Pscav,TS_Texh,TS_Ntc,TS_Pmax,TS_PR,TS_Ntc_Pscav,TS_Pcomp_Pscav,Estimated engine load,matched_load,matched_date,deltas,Ref_Pscav,Ref_Pcomp,Ref_Pmax,Ref_Texh,Ref_Ntc,Ref_Ntc_Pscav,Ref_Pcomp_Pscav,Ref_PR
59.57087,1.4752862,307.5261,10413.845,95.93635,36.014732,6701.826,39.22246,52.349648,52.65038055555556,2022-08-20 02:00:00,0.30073255555555534,1.4959241151809692,58.346500396728516,109.73296356201172,303.66510009765625,10416.6083984375,6976.17724609375,39.418418884277344,53.640541076660156
62.618057,1.6727608,317.07083,10865.554,102.69759,39.98259,6277.3555,37.007824,57.43066,57.67207527777777,2022-08-19 08:00:00,0.24141527777776872,1.697102665901184,62.454795837402344,118.42034149169922,310.2088623046875,10933.1435546875,6570.29443359375,37.5980224609375,58.060691833496094
64.09193,1.7543403,322.21634,11078.813,105.70378,42.418003,5994.5605,36.199795,60.00415,59.93320222222223,2022-09-09 14:00:00,0.07094777777777495,1.7793877124786377,65.69295501708984,123.46195983886719,314.7732238769531,11177.3017578125,6186.80322265625,36.5834846496582,59.8999137878418
64.27228,1.7613957,323.75052,11081.302,106.562996,44.07155,5812.307,36.186516,60.944344,59.93320222222223,2022-09-09 14:00:00,1.0111417777777731,1.7793877124786377,65.69295501708984,123.46195983886719,314.7732238769531,11177.3017578125,6186.80322265625,36.5834846496582,59.8999137878418
63.8696,1.7401396,323.74207,11010.005,106.79624,45.31847,5717.5264,36.766006,61.186035,62.06927888888888,2022-09-02 14:00:00,0.8832438888888845,1.854825496673584,66.9102554321289,126.37403106689453,318.8377380371094,11336.623046875,6075.00634765625,35.85837936401367,61.824951171875
63.2419,1.7195383,322.84573,10928.478,107.22857,46.123837,5655.477,37.365993,61.12764,62.06927888888888,2022-09-02 14:00:00,0.9416388888888818,1.854825496673584,66.9102554321289,126.37403106689453,318.8377380371094,11336.623046875,6075.00634765625,35.85837936401367,61.824951171875
62.68599,1.713212,321.74683,10874.246,107.99121,46.59385,5624.5205,37.642216,60.96086,59.93320222222223,2022-09-09 14:00:00,1.027657777777769,1.7793877124786377,65.69295501708984,123.46195983886719,314.7732238769531,11177.3017578125,6186.80322265625,36.5834846496582,59.8999137878418
62.346424,1.7204316,320.9887,10850.212,108.85666,46.880306,5636.4507,37.541706,60.797886,59.93320222222223,2022-09-09 14:00:00,0.8646837777777705,1.7793877124786377,65.69295501708984,123.46195983886719,314.7732238769531,11177.3017578125,6186.80322265625,36.5834846496582,59.8999137878418
62.254513,1.7348534,320.80487,10842.107,109.62975,47.083458,5691.357,37.202263,60.71226,59.93320222222223,2022-09-09 14:00:00,0.7790577777777727,1.7793877124786377,65.69295501708984,123.46195983886719,314.7732238769531,11177.3017578125,6186.80322265625,36.5834846496582,59.8999137878418
62.385506,1.7507437,321.10468,10834.827,110.23251,47.25781,5780.793,36.801647,60.720707,59.93320222222223,2022-09-09 14:00:00,0.7875047777777695,1.7793877124786377,65.69295501708984,123.46195983886719,314.7732238769531,11177.3017578125,6186.80322265625,36.5834846496582,59.8999137878418
62.69201,1.7648245,321.62585,10820.211,110.660225,47.434483,5893.4434,36.472004,60.80949,59.93320222222223,2022-09-09 14:00:00,0.8762877777777689,1.7793877124786377,65.69295501708984,123.46195983886719,314.7732238769531,11177.3017578125,6186.80322265625,36.5834846496582,59.8999137878418
63.1188,1.7759714,322.0951,10797.311,110.94743,47.633335,6016.263,36.279175,60.964436,59.93320222222223,2022-09-09 14:00:00,1.0312337777777714,1.7793877124786377,65.69295501708984,123.46195983886719,314.7732238769531,11177.3017578125,6186.80322265625,36.5834846496582,59.8999137878418
63.612453,1.7846648,322.3233,10769.761,111.15362,47.860435,6135.318,36.228905,61.16984,62.06927888888888,2022-09-02 14:00:00,0.8994388888888807,1.854825496673584,66.9102554321289,126.37403106689453,318.8377380371094,11336.623046875,6075.00634765625,35.85837936401367,61.824951171875
64.127754,1.7923745,322.24304,10743.035,111.34687,48.099606,6238.15,36.282024,61.394142,62.06927888888888,2022-09-02 14:00:00,0.6751368888888791,1.854825496673584,66.9102554321289,126.37403106689453,318.8377380371094,11336.623046875,6075.00634765625,35.85837936401367,61.824951171875
64.62774,1.8005457,321.90018,10722.312,111.58359,48.31553,6316.713,36.37919,61.5864,62.06927888888888,2022-09-02 14:00:00,0.48287888888888375,1.854825496673584,66.9102554321289,126.37403106689453,318.8377380371094,11336.623046875,6075.00634765625,35.85837936401367,61.824951171875
65.07989,1.8096303,321.40515,10711.054,111.8912,48.475136,6368.92,36.470192,61.69027,62.06927888888888,2022-09-02 14:00:00,0.3790088888888832,1.854825496673584,66.9102554321289,126.37403106689453,318.8377380371094,11336.623046875,6075.00634765625,35.85837936401367,61.824951171875
65.4559,1.8190585,320.87024,10710.157,112.26146,48.570236,6397.681,36.53173,61.66707,62.06927888888888,2022-09-02 14:00:00,0.40220888888887885,1.854825496673584,66.9102554321289,126.37403106689453,318.8377380371094,11336.623046875,6075.00634765625,35.85837936401367,61.824951171875
65.73688,1.828031,320.37082,10717.907,112.65964,48.620506,6408.2974,36.565247,61.51137,62.06927888888888,2022-09-02 14:00:00,0.5579088888888819,1.854825496673584,66.9102554321289,126.37403106689453,318.8377380371094,11336.623046875,6075.00634765625,35.85837936401367,61.824951171875
65.91773,1.8360907,319.93997,10730.914,113.0442,48.65697,6406.18,36.583496,61.248127,62.06927888888888,2022-09-02 14:00:00,0.8211518888888847,1.854825496673584,66.9102554321289,126.37403106689453,318.8377380371094,11336.623046875,6075.00634765625,35.85837936401367,61.824951171875
66.006615,1.8430945,319.58148,10745.506,113.38311,48.70412,6395.8213,36.598663,60.917267,59.93320222222223,2022-09-09 14:00:00,0.9840647777777747,1.7793877124786377,65.69295501708984,123.46195983886719,314.7732238769531,11177.3017578125,6186.80322265625,36.5834846496582,59.8999137878418
66.019875,1.8489925,319.28348,10758.817,113.65853,48.772663,6380.6714,36.617462,60.55846,59.93320222222223,2022-09-09 14:00:00,0.6252577777777688,1.7793877124786377,65.69295501708984,123.46195983886719,314.7732238769531,11177.3017578125,6186.80322265625,36.5834846496582,59.8999137878418
65.97593,1.8537201,319.02695,10769.151,113.863815,48.861507,6363.304,36.64173,60.20247,59.93320222222223,2022-09-09 14:00:00,0.26926777777777033,1.7793877124786377,65.69295501708984,123.46195983886719,314.7732238769531,11177.3017578125,6186.80322265625,36.5834846496582,59.8999137878418
65.891106,1.8572038,318.79056,10775.82,113.99907,48.962692,6345.617,36.670914,59.86833,59.93320222222223,2022-09-09 14:00:00,0.06487222222222755,1.7793877124786377,65.69295501708984,123.46195983886719,314.7732238769531,11177.3017578125,6186.80322265625,36.5834846496582,59.8999137878418
65.77772,1.8593976,318.5542,10778.768,114.06806,49.065773,6329.001,36.70415,59.564503,59.50955694444445,2022-09-09 12:00:00,0.054946055555554096,1.7628192901611328,65.08988952636719,122.29240417480469,314.5643615722656,11142.7001953125,6243.83837890625,36.68046951293945,59.10524368286133
65.643906,1.8603077,318.30026,10778.247,114.07661,49.160336,6314.511,36.741146,59.29158,59.34365416666666,2022-09-09 16:00:00,0.05207416666665665,1.7587764263153076,65.09021759033203,121.97566986083984,314.4481506347656,11127.830078125,6230.6513671875,36.70676803588867,59.240421295166016
65.49442,1.8599899,318.01456,10774.596,114.03131,49.23723,6302.963,36.782333,59.045235,59.0393425,2022-08-19 00:00:00,0.0058925000000016325,1.7512215375900269,64.09296417236328,121.50055694580078,311.500244140625,11065.4189453125,6379.12451171875,37.215084075927734,59.50198745727539
65.33151,1.8585374,317.68625,10768.126,113.93876,49.288998,6295.0073,36.828526,58.818695,58.84776166666666,2022-08-19 01:00:00,0.029066666666665242,1.7440261840820312,63.939918518066406,121.01924133300781,311.4230041503906,11049.7333984375,6391.98828125,37.25731658935547,59.579994201660156
65.15576,1.8560586,317.3071,10759.076,113.8047,49.309834,6291.1533,36.88069,58.604393,58.585543055555554,2022-08-19 03:00:00,0.01884994444444743,1.7325330972671509,63.654239654541016,119.99222564697266,311.3238830566406,11031.978515625,6443.2490234375,37.32111740112305,59.263160705566406
64.96674,1.8526574,316.87143,10747.629,113.63347,49.29534,6291.782,36.93976,58.394905,58.402076388888894,2022-09-09 11:00:00,0.007171388888892238,1.7228422164916992,64.05618286132812,119.5189437866211,313.98199462890625,11046.158203125,6333.3232421875,36.94442367553711,57.2927360534668
64.76358,1.8484226,316.3753,10733.921,113.42799,49.242443,6297.1436,37.00662,58.183548,58.21184722222222,2022-08-13 01:00:00,0.028299222222216258,1.6812089681625366,62.20309829711914,115.64710998535156,315.31085205078125,10821.302734375,6808.72607421875,39.06100845336914,52.912357330322266
64.54532,1.8434187,315.81708,10718.079,113.18968,49.14928,6307.3574,37.0821,57.964527,57.79615555555555,2022-08-19 07:00:00,0.16837144444444618,1.703109860420227,62.59558868408203,118.51939392089844,310.1581726074219,10950.787109375,6578.400390625,37.57352828979492,61.31291961669922
64.311356,1.8376801,315.19702,10700.245,112.9188,49.015194,6322.397,37.167065,57.733173,57.67207527777777,2022-08-19 08:00:00,0.06109772222222887,1.697102665901184,62.454795837402344,118.42034149169922,310.2088623046875,10933.1435546875,6570.29443359375,37.5980224609375,58.060691833496094
64.06171,1.8312174,314.51797,10680.596,112.61486,48.840744,6342.0986,37.26241,57.485912,57.67207527777777,2022-08-19 08:00:00,0.18616327777777286,1.697102665901184,62.454795837402344,118.42034149169922,310.2088623046875,10933.1435546875,6570.29443359375,37.5980224609375,58.060691833496094
63.797188,1.8240178,313.78522,10659.364,112.27702,48.62773,6366.165,37.369076,57.22035,57.0119975,2022-08-19 14:00:00,0.20835250000000372,1.670558214187622,62.313941955566406,116.86605834960938,309.3556213378906,10865.6005859375,6542.0732421875,37.83829116821289,57.71185302734375
63.51955,1.8160548,313.00656,10636.823,111.904655,48.37917,6394.1753,37.487965,56.93526,57.0119975,2022-08-19 14:00:00,0.07673750000000013,1.670558214187622,62.313941955566406,116.86605834960938,309.3556213378906,10865.6005859375,6542.0732421875,37.83829116821289,57.71185302734375
63.231495,1.8072956,312.19205,10613.29,111.497604,48.099037,6425.608,37.619873,56.630688,57.0119975,2022-08-19 14:00:00,0.3813095000000004,1.670558214187622,62.313941955566406,116.86605834960938,309.3556213378906,10865.6005859375,6542.0732421875,37.83829116821289,57.71185302734375
62.936455,1.797712,311.35327,10589.103,111.05674,47.79208,6459.885,37.765377,56.307735,56.05270166666667,2022-08-18 22:00:00,0.2550333333333299,1.6306931972503662,60.953895568847656,115.42604064941406,307.3125,10753.55078125,6714.71826171875,38.25161361694336,56.26396179199219
62.638397,1.787285,310.50266,10564.583,110.5839,47.463493,6496.389,37.92471,55.968517,55.91258694444445,2022-08-20 17:00:00,0.05593005555554953,1.6314659118652344,61.36357116699219,115.20120239257812,307.82940673828125,10763.0439453125,6638.6376953125,38.192039489746094,55.35101318359375
62.341465,1.7760184,309.6529,10540.034,110.08215,47.118454,6534.5283,38.097694,55.615917,55.45381,2022-08-19 15:00:00,0.162107000000006,1.6110081672668457,60.75821304321289,114.0369644165039,307.3847351074219,10703.697265625,6683.12255859375,38.3641242980957,56.08399963378906
62.04966,1.7639366,308.8156,10515.696,109.55553,46.761948,6573.7446,38.283733,55.25341,55.45381,2022-08-19 15:00:00,0.2003999999999948,1.6110081672668457,60.75821304321289,114.0369644165039,307.3847351074219,10703.697265625,6683.12255859375,38.3641242980957,56.08399963378906
61.766518,1.7510897,308.00143,10491.75,109.00891,46.398407,6613.5527,38.481777,54.884632,54.91742,2022-08-20 19:00:00,0.03278799999999649,1.6002987623214722,60.27967071533203,112.38705444335938,308.7394104003906,10678.4111328125,6692.921875,38.24898147583008,54.71364212036133
61.494846,1.7375503,307.21906,10468.312,108.447556,46.031635,6653.5376,38.690376,54.513306,54.46163111111111,2022-08-18 13:00:00,0.051674888888889825,1.5679969787597656,59.548187255859375,112.00508117675781,306.2146301269531,10602.2412109375,6876.5966796875,38.76325225830078,54.70210647583008
61.23664,1.723415,306.47537,10445.438,107.87687,45.664753,6693.3647,38.907803,54.142864,54.27027722222223,2022-08-18 12:00:00,0.1274132222222235,1.5590494871139526,59.29182052612305,111.8896484375,305.53790283203125,10577.048828125,6932.45947265625,38.875240325927734,54.91803741455078
60.99304,1.7087957,305.7755,10423.144,107.301994,45.30029,6732.767,39.1321,53.776413,53.95248833333333,2022-08-20 20:00:00,0.1760753333333298,1.5624831914901733,59.46146011352539,110.79212188720703,307.66278076171875,10579.16796875,6782.06884765625,38.584510803222656,53.477291107177734
60.764317,1.6938177,305.1227,10401.408,106.72756,44.94022,6771.532,39.361244,53.41655,53.451193888888895,2022-08-15 19:00:00,0.034643888888894026,1.5243208408355713,58.61911392211914,110.32329559326172,306.2159118652344,10507.759765625,6997.8056640625,38.98112106323242,52.31642150878906
60.550037,1.6786152,304.51874,10380.202,106.15753,44.586113,6809.4946,39.59318,53.065372,53.23136861111112,2022-09-09 10:00:00,0.16599661111111885,1.517144799232483,58.99005126953125,110.24600219726562,306.748291015625,10501.0888671875,6907.42529296875,39.06879806518555,53.0927848815918
60.349247,1.6633247,303.96408,10359.494,105.59504,44.239246,6846.5186,39.82593,52.724464,52.71925944444444,2022-08-15 17:00:00,0.005204555555557988,1.494331955909729,58.01908493041992,109.15493774414062,305.876953125,10442.681640625,7092.58837890625,39.21855926513672,51.98360061645508
60.160587,1.6480831,303.45795,10339.266,105.042496,43.900627,6882.4883,40.057632,52.394936,52.65038055555556,2022-08-20 02:00:00,0.255444555555556,1.4959241151809692,58.346500396728516,109.73296356201172,303.66510009765625,10416.6083984375,6976.17724609375,39.418418884277344,53.640541076660156
59.982426,1.6330185,302.99875,10319.503,104.501595,43.571003,6917.3096,40.286617,52.07749,52.02665666666667,2022-08-19 16:00:00,0.05083333333332973,1.4695348739624023,57.63249588012695,108.7291030883789,301.74871826171875,10350.451171875,7098.68603515625,39.75169372558594,52.770774841308594
59.8131,1.6182531,302.58417,10300.218,103.97342,43.25101,6950.902,40.5114,51.772488,51.78299722222223,2022-08-11 06:00:00,0.01050922222222539,1.4999922513961792,58.032440185546875,116.81773376464844,301.76312255859375,10334.4130859375,7473.5048828125,40.135807037353516,53.72372817993164
59.650932,1.6038944,302.2113,10281.427,103.45865,42.941067,6983.1978,40.730713,51.48003,51.47790166666667,2022-09-02 13:00:00,0.0021283333333315113,1.4500393867492676,57.40644836425781,108.03530883789062,303.2862548828125,10320.33984375,7191.0966796875,40.04993438720703,54.07796096801758
59.49439,1.5900341,301.8769,10263.165,102.95761,42.641346,7014.1445,40.943493,51.19999,51.257892898591024,2022-09-09 08:00:00,0.057902898591024154,1.4282925128936768,57.11228561401367,107.85016632080078,302.7022705078125,10269.087890625,7166.0751953125,40.072566986083984,51.85615158081055
59.342144,1.57675,301.57736,10245.474,102.470436,42.351917,7043.704,41.148876,50.93212,51.052062500000005,2022-09-09 07:00:00,0.11994250000000761,1.4224193096160889,56.96501922607422,107.48458862304688,302.57110595703125,10254.560546875,7179.12255859375,40.058837890625,51.36234664916992
59.19307,1.5640994,301.30902,10228.396,101.9972,42.072624,7071.858,41.34621,50.676052,50.69784737547892,2022-09-09 09:00:00,0.021795375478923518,1.4111802577972412,56.64218521118164,107.23109436035156,302.4317626953125,10217.841796875,7201.71630859375,40.158111572265625,50.325645446777344
59.046337,1.5521241,301.0682,10211.978,101.53789,41.803226,7098.5947,41.535,50.431377,50.427845,2022-08-20 03:00:00,0.0035319999999998686,1.4030107259750366,56.3629264831543,106.84490966796875,299.8570556640625,10187.3349609375,7246.66357421875,40.336456298828125,51.97491455078125
58.901352,1.5408503,300.85132,10196.263,101.09257,41.54332,7123.927,41.71491,50.19768,50.19391111111111,2022-08-20 07:00:00,0.003768888888885158,1.3908519744873047,55.82401657104492,106.49046325683594,299.7884826660156,10162.50390625,7362.4296875,40.39858627319336,52.5238151550293
58.757755,1.5302895,300.6549,10181.289,100.66129,41.29241,7147.8716,41.885735,49.974533,49.87672666666666,2022-08-18 11:00:00,0.0978063333333381,1.376404047012329,55.324241638183594,106.26144409179688,299.0680847167969,10125.7275390625,7465.7353515625,40.60318374633789,53.13717269897461
58.61544,1.5204406,300.4757,10167.089,100.24423,41.050037,7170.459,42.047386,49.76155,49.87672666666666,2022-08-18 11:00:00,0.11517666666666315,1.376404047012329,55.324241638183594,106.26144409179688,299.0680847167969,10125.7275390625,7465.7353515625,40.60318374633789,53.13717269897461
58.474487,1.5112941,300.31073,10153.692,99.84158,40.815662,7191.721,42.199833,49.558376,49.48693972222222,2022-08-15 18:00:00,0.07143627777778505,1.3648265600204468,55.098148345947266,105.48667907714844,301.17535400390625,10096.0595703125,7516.15625,40.65129852294922,51.05539321899414
58.33516,1.5028337,300.15738,10141.124,99.453606,40.588768,7211.6943,42.343113,49.36472,49.40753861111112,2022-08-19 23:00:00,0.04281861111112306,1.3592896461486816,55.32858657836914,105.6358871459961,297.973876953125,10077.7890625,7448.97802734375,40.85591506958008,52.26613998413086
58.197865,1.4950385,300.01324,10129.405,99.08065,40.368896,7230.408,42.477283,49.180325,49.12349777777778,2022-08-19 22:00:00,0.056827222222224805,1.3483437299728394,54.97322463989258,105.17608642578125,297.6775817871094,10048.9326171875,7519.23046875,41.01187515258789,51.72137451171875
58.063137,1.4878864,299.87643,10118.55,98.72317,40.15565,7247.8853,42.602383,49.00503,48.92693361111111,2022-08-19 20:00:00,0.0780963888888877,1.339129090309143,54.75566101074219,105.01803588867188,297.3356628417969,10022.765625,7567.73681640625,41.149906158447266,52.94022750854492
57.931614,1.481355,299.74524,10108.579,98.38166,39.948677,7264.139,42.718452,48.83869,48.880988888888886,2022-08-18 18:00:00,0.042298888888886665,1.3356090784072876,54.56178283691406,105.32194519042969,295.65167236328125,10013.2392578125,7598.59619140625,41.27239227294922,52.14365005493164
57.80402,1.4754239,299.61838,10099.514,98.056755,39.74769,7279.172,42.825516,48.68126,48.664540277777775,2022-08-20 00:00:00,0.016719722222227063,1.3304849863052368,54.783748626708984,104.5157699584961,297.68701171875,10001.587890625,7559.6904296875,41.245540618896484,50.79461669921875
57.681133,1.4700768,299.49487,10091.375,97.749146,39.55251,7292.964,42.923508,48.532738,48.58005638888889,2022-08-18 17:00:00,0.04731838888888973,1.323520541191101,54.35776901245117,104.80766296386719,295.6179504394531,9980.4365234375,7641.5673828125,41.427650451660156,51.625953674316406
57.563793,1.4653008,299.3741,10084.192,97.45968,39.36299,7305.485,43.01231,48.393192,48.25925888888889,2022-08-20 09:00:00,0.13393311111111217,1.3200368881225586,54.15017318725586,103.79092407226562,297.40252685546875,9963.9384765625,7678.107421875,41.5230827331543,49.88923263549805
57.452896,1.4610878,299.25565,10077.998,97.18928,39.17911,7316.686,43.09177,48.262783,48.25925888888889,2022-08-20 09:00:00,0.0035241111111119494,1.3200368881225586,54.15017318725586,103.79092407226562,297.40252685546875,9963.9384765625,7678.107421875,41.5230827331543,49.88923263549805
57.34933,1.4574344,299.1395,10072.831,96.93897,39.000916,7326.507,43.161663,48.1417,48.25925888888889,2022-08-20 09:00:00,0.11755888888888677,1.3200368881225586,54.15017318725586,103.79092407226562,297.40252685546875,9963.9384765625,7678.107421875,41.5230827331543,49.88923263549805
57.254013,1.4543418,299.02563,10068.739,96.70986,38.82849,7334.8716,43.221684,48.030205,47.83078305555555,2022-09-02 00:00:00,0.1994219444444525,1.3008787631988525,54.162899017333984,103.53495788574219,297.61297607421875,9922.61328125,7684.3251953125,41.753353118896484,49.596405029296875
57.167854,1.4518139,298.91443,10065.768,96.5031,38.662052,7341.698,43.271526,47.928642,47.83078305555555,2022-09-02 00:00:00,0.09785894444445375,1.3008787631988525,54.162899017333984,103.53495788574219,297.61297607421875,9922.61328125,7684.3251953125,41.753353118896484,49.596405029296875
57.091705,1.4498591,298.8062,10063.972,96.319855,38.501854,7346.8994,43.31082,47.83737,47.83078305555555,2022-09-02 00:00:00,0.006586944444450182,1.3008787631988525,54.162899017333984,103.53495788574219,297.61297607421875,9922.61328125,7684.3251953125,41.753353118896484,49.596405029296875
57.026424,1.4484863,298.70154,10063.399,96.16126,38.34821,7350.389,43.339188,47.756805,47.788805277777776,2022-08-20 16:00:00,0.03200027777777592,1.2979247570037842,54.09048843383789,103.1816177368164,297.17388916015625,9905.81640625,7707.2412109375,41.79423522949219,49.8367805480957
56.972763,1.4477049,298.60092,10064.108,96.02834,38.201496,7352.085,43.356243,47.687366,47.788805277777776,2022-08-20 16:00:00,0.10143927777777861,1.2979247570037842,54.09048843383789,103.1816177368164,297.17388916015625,9905.81640625,7707.2412109375,41.79423522949219,49.8367805480957
56.931377,1.4475236,298.505,10066.141,95.92203,38.06214,7351.9136,43.361645,47.62948,47.52001612130763,2022-08-19 18:00:00,0.10946387869237384,1.2851868867874146,53.651451110839844,103.01361083984375,295.3520202636719,9873.376953125,7782.28564453125,42.00705337524414,50.32417297363281
56.90285,1.4479474,298.4143,10069.542,95.843,37.930584,7349.813,43.355083,47.58356,47.52001612130763,2022-08-19 18:00:00,0.06354387869237144,1.2851868867874146,53.651451110839844,103.01361083984375,295.3520202636719,9873.376953125,7782.28564453125,42.00705337524414,50.32417297363281
56.887573,1.4489799,298.32928,10074.34,95.791756,37.807323,7345.7446,43.336315,47.549995,47.52001612130763,2022-08-19 18:00:00,0.029978878692375588,1.2851868867874146,53.651451110839844,103.01361083984375,295.3520202636719,9873.376953125,7782.28564453125,42.00705337524414,50.32417297363281
56.88588,1.450618,298.25037,10080.551,95.76849,37.692802,7339.684,43.305195,47.529102,47.52001612130763,2022-08-19 18:00:00,0.00908587869237465,1.2851868867874146,53.651451110839844,103.01361083984375,295.3520202636719,9873.376953125,7782.28564453125,42.00705337524414,50.32417297363281
56.89785,1.4528542,298.17804,10088.183,95.7731,37.587456,7331.632,43.261654,47.521126,47.52001612130763,2022-08-19 18:00:00,0.0011098786923753323,1.2851868867874146,53.651451110839844,103.01361083984375,295.3520202636719,9873.376953125,7782.28564453125,42.00705337524414,50.32417297363281
56.923466,1.4556745,298.11243,10097.22,95.80516,37.49173,7321.61,43.205772,47.526222,47.52001612130763,2022-08-19 18:00:00,0.006205878692369993,1.2851868867874146,53.651451110839844,103.01361083984375,295.3520202636719,9873.376953125,7782.28564453125,42.00705337524414,50.32417297363281
56.962498,1.4590586,298.05383,10107.635,95.8639,37.405968,7309.6665,43.137714,47.544502,47.52001612130763,2022-08-19 18:00:00,0.024485878692374285,1.2851868867874146,53.651451110839844,103.01361083984375,295.3520202636719,9873.376953125,7782.28564453125,42.00705337524414,50.32417297363281
57.014614,1.4629791,298.00232,10119.385,95.94826,37.330505,7295.8677,43.057835,47.57591,47.52001612130763,2022-08-19 18:00:00,0.05589387869237328,1.2851868867874146,53.651451110839844,103.01361083984375,295.3520202636719,9873.376953125,7782.28564453125,42.00705337524414,50.32417297363281
57.079247,1.4674027,297.95792,10132.401,96.05686,37.265522,7280.3037,42.966587,47.62034,47.52001612130763,2022-08-19 18:00:00,0.10032387869237169,1.2851868867874146,53.651451110839844,103.01361083984375,295.3520202636719,9873.376953125,7782.28564453125,42.00705337524414,50.32417297363281
57.15576,1.4722906,297.92072,10146.607,96.188065,37.21119,7263.081,42.86456,47.67755,47.788805277777776,2022-08-20 16:00:00,0.11125527777777933,1.2979247570037842,54.09048843383789,103.1816177368164,297.17388916015625,9905.81640625,7707.2412109375,41.79423522949219,49.8367805480957
57.243355,1.4775985,297.8907,10161.909,96.340004,37.16749,7244.321,42.752487,47.747173,47.788805277777776,2022-08-20 16:00:00,0.041632277777779336,1.2979247570037842,54.09048843383789,103.1816177368164,297.17388916015625,9905.81640625,7707.2412109375,41.79423522949219,49.8367805480957
57.34112,1.4832777,297.86774,10178.195,96.510605,37.134373,7224.1587,42.631218,47.828808,47.83078305555555,2022-09-02 00:00:00,0.0019750555555475557,1.3008787631988525,54.162899017333984,103.53495788574219,297.61297607421875,9922.61328125,7684.3251953125,41.753353118896484,49.596405029296875
57.448093,1.4892759,297.85196,10195.349,96.69763,37.11162,7202.739,42.501694,47.921906,47.83078305555555,2022-09-02 00:00:00,0.09112294444445013,1.3008787631988525,54.162899017333984,103.53495788574219,297.61297607421875,9922.61328125,7684.3251953125,41.753353118896484,49.596405029296875
57.56318,1.4955375,297.8433,10213.238,96.89876,37.09893,7180.215,42.364994,48.025837,47.83078305555555,2022-09-02 00:00:00,0.195053944444453,1.3008787631988525,54.162899017333984,103.53495788574219,297.61297607421875,9922.61328125,7684.3251953125,41.753353118896484,49.596405029296875
57.6853,1.5020062,297.8417,10231.724,97.11155,37.0958,7156.7437,42.22221,48.139904,48.25925888888889,2022-08-20 09:00:00,0.11935488888888557,1.3200368881225586,54.15017318725586,103.79092407226562,297.40252685546875,9963.9384765625,7678.107421875,41.5230827331543,49.88923263549805
57.8133,1.508623,297.84738,10250.66,97.333565,37.101658,7132.4854,42.07456,48.263332,48.25925888888889,2022-08-20 09:00:00,0.004073111111111416,1.3200368881225586,54.15017318725586,103.79092407226562,297.40252685546875,9963.9384765625,7678.107421875,41.5230827331543,49.88923263549805
57.946022,1.5153302,297.86032,10269.9,97.56234,37.115765,7107.6016,41.923218,48.395287,48.25925888888889,2022-08-20 09:00:00,0.13602811111111635,1.3200368881225586,54.15017318725586,103.79092407226562,297.40252685546875,9963.9384765625,7678.107421875,41.5230827331543,49.88923263549805
58.08231,1.5220708,297.88074,10289.294,97.79549,37.1373,7082.253,41.769463,48.53486,48.58005638888889,2022-08-18 17:00:00,0.04519638888888977,1.323520541191101,54.35776901245117,104.80766296386719,295.6179504394531,9980.4365234375,7641.5673828125,41.427650451660156,51.625953674316406
58.221054,1.5287879,297.90863,10308.694,98.03064,37.16527,7056.598,41.61451,48.68114,48.664540277777775,2022-08-20 00:00:00,0.0165997222222245,1.3304849863052368,54.783748626708984,104.5157699584961,297.68701171875,10001.587890625,7559.6904296875,41.245540618896484,50.79461669921875
58.361126,1.5354283,297.94415,10327.951,98.265564,37.1986,7030.789,41.459568,48.833145,48.880988888888886,2022-08-18 18:00:00,0.04784388888888458,1.3356090784072876,54.56178283691406,105.32194519042969,295.65167236328125,10013.2392578125,7598.59619140625,41.27239227294922,52.14365005493164
58.50149,1.5419408,297.9875,10346.927,98.498146,37.236164,7004.9756,41.305786,48.989887,48.92693361111111,2022-08-19 20:00:00,0.0629533888888929,1.339129090309143,54.75566101074219,105.01803588867188,297.3356628417969,10022.765625,7567.73681640625,41.149906158447266,52.94022750854492
58.641144,1.5482785,298.0387,10365.488,98.72644,37.27672,6979.2993,41.154255,49.150414,49.12349777777778,2022-08-19 22:00:00,0.026916222222219233,1.3483437299728394,54.97322463989258,105.17608642578125,297.6775817871094,10048.9326171875,7519.23046875,41.01187515258789,51.72137451171875
58.779167,1.5543983,298.09775,10383.514,98.94867,37.319065,6953.8916,41.005974,49.313717,49.29698833333333,2022-08-19 21:00:00,0.016728666666665504,1.3556357622146606,55.08401107788086,105.52135467529297,297.89520263671875,10065.6806640625,7495.435546875,40.90409469604492,51.8782844543457
58.914726,1.5602622,298.16476,10400.895,99.16324,37.36195,6928.877,40.861847,49.478855,49.48693972222222,2022-08-15 18:00:00,0.00808472222221468,1.3648265600204468,55.098148345947266,105.48667907714844,301.17535400390625,10096.0595703125,7516.15625,40.65129852294922,51.05539321899414
59.047054,1.5658369,298.2396,10417.534,99.36882,37.40419,6904.3667,40.722652,49.644894,49.48693972222222,2022-08-15 18:00:00,0.15795427777778315,1.3648265600204468,55.098148345947266,105.48667907714844,301.17535400390625,10096.0595703125,7516.15625,40.65129852294922,51.05539321899414
59.175503,1.5710956,298.32214,10433.352,99.564255,37.44467,6880.459,40.589046,49.81095,49.87672666666666,2022-08-18 11:00:00,0.0657766666666646,1.376404047012329,55.324241638183594,106.26144409179688,299.0680847167969,10125.7275390625,7465.7353515625,40.60318374633789,53.13717269897461
59.2995,1.5760167,298.41217,10448.283,99.748634,37.482372,6857.243,40.461567,49.976208,49.87672666666666,2022-08-18 11:00:00,0.09948133333333686,1.376404047012329,55.324241638183594,106.26144409179688,299.0680847167969,10125.7275390625,7465.7353515625,40.60318374633789,53.13717269897461
59.418587,1.5805844,298.50943,10462.278,99.92123,37.51642,6834.7905,40.340595,50.139885,50.14246361111111,2022-08-20 04:00:00,0.002578611111111684,1.3883949518203735,56.051422119140625,106.27796936035156,299.7986755371094,10160.435546875,7314.89404296875,40.426753997802734,51.13819885253906
59.5324,1.5847888,298.61346,10475.31,100.08156,37.54608,6813.1606,40.22642,50.30126,50.27929972222222,2022-09-09 05:00:00,0.021960277777779424,1.3906149864196777,56.369728088378906,107.00709533691406,302.21673583984375,10163.853515625,7224.4287109375,40.36469650268555,50.79821014404297
59.64066,1.5886256,298.72388,10487.357,100.22934,37.570805,6792.3994,40.11918,50.45971,50.437311666666666,2022-08-18 15:00:00,0.022398333333335074,1.403913140296936,56.0963020324707,106.6153335571289,299.8794250488281,10199.05078125,7367.09765625,40.42800521850586,52.488182067871094
59.743164,1.5920959,298.84015,10498.426,100.364456,37.590202,6772.542,40.01891,50.614635,50.69784737547892,2022-09-09 09:00:00,0.08321237547892224,1.4111802577972412,56.64218521118164,107.23109436035156,302.4317626953125,10217.841796875,7201.71630859375,40.158111572265625,50.325645446777344
59.83983,1.5952051,298.96167,10508.521,100.48693,37.604023,6753.608,39.92555,50.76555,50.69784737547892,2022-09-09 09:00:00,0.06770262452107545,1.4111802577972412,56.64218521118164,107.23109436035156,302.4317626953125,10217.841796875,7201.71630859375,40.158111572265625,50.325645446777344
59.93058,1.5979621,299.0878,10517.674,100.59696,37.61224,6735.608,39.838936,50.912006,51.052062500000005,2022-09-09 07:00:00,0.14005650000000713,1.4224193096160889,56.96501922607422,107.48458862304688,302.57110595703125,10254.560546875,7179.12255859375,40.058837890625,51.36234664916992
60.015476,1.6003811,299.21783,10525.916,100.69484,37.614925,6718.5405,39.75886,51.05363,51.052062500000005,2022-09-09 07:00:00,0.0015674999999930606,1.4224193096160889,56.96501922607422,107.48458862304688,302.57110595703125,10254.560546875,7179.12255859375,40.058837890625,51.36234664916992
60.094578,1.602478,299.35107,10533.29,100.78097,37.612274,6702.3984,39.68504,51.190113,51.12950055555555,2022-09-09 06:00:00,0.06061244444444469,1.4220231771469116,57.05385208129883,107.85076904296875,302.50732421875,10249.71875,7148.37255859375,40.067955017089844,50.918514251708984
60.168007,1.60427,299.4868,10539.845,100.85583,37.604618,6687.1655,39.61715,51.321198,51.257892898591024,2022-09-09 08:00:00,0.06330510140897871,1.4282925128936768,57.11228561401367,107.85016632080078,302.7022705078125,10269.087890625,7166.0751953125,40.072566986083984,51.85615158081055
60.235924,1.6057777,299.6242,10545.636,100.91995,37.592358,6672.82,39.554855,51.446705,51.47790166666667,2022-09-02 13:00:00,0.031196666666666317,1.4500393867492676,57.40644836425781,108.03530883789062,303.2862548828125,10320.33984375,7191.0966796875,40.04993438720703,54.07796096801758
60.29852,1.6070212,299.76266,10550.717,100.973915,37.575916,6659.333,39.497795,51.566498,51.47790166666667,2022-09-02 13:00:00,0.08859633333333505,1.4500393867492676,57.40644836425781,108.03530883789062,303.2862548828125,10320.33984375,7191.0966796875,40.04993438720703,54.07796096801758
60.355988,1.6080226,299.90143,10555.142,101.01834,37.5558,6646.676,39.445595,51.680485,51.78299722222223,2022-08-11 06:00:00,0.10251222222223078,1.4999922513961792,58.032440185546875,116.81773376464844,301.76312255859375,10334.4130859375,7473.5048828125,40.135807037353516,53.72372817993164
60.40858,1.608802,300.0398,10558.971,101.05386,37.5325,6634.8154,39.39791,51.788635,51.78299722222223,2022-08-11 06:00:00,0.005637777777771191,1.4999922513961792,58.032440185546875,116.81773376464844,301.76312255859375,10334.4130859375,7473.5048828125,40.135807037353516,53.72372817993164
60.456535,1.6093807,300.17722,10562.255,101.08111,37.506516,6623.7163,39.35438,51.890953,51.78299722222223,2022-08-11 06:00:00,0.1079557777777751,1.4999922513961792,58.032440185546875,116.81773376464844,301.76312255859375,10334.4130859375,7473.5048828125,40.135807037353516,53.72372817993164
60.50008,1.6097783,300.31296,10565.052,101.10072,37.47832,6613.3433,39.314693,51.987484,52.02665666666667,2022-08-19 16:00:00,0.039172666666665634,1.4695348739624023,57.63249588012695,108.7291030883789,301.74871826171875,10350.451171875,7098.68603515625,39.75169372558594,52.770774841308594
60.53948,1.6100143,300.4466,10567.403,101.11332,37.44839,6603.6597,39.278522,52.07831,52.02665666666667,2022-08-19 16:00:00,0.05165333333333422,1.4695348739624023,57.63249588012695,108.7291030883789,301.74871826171875,10350.451171875,7098.68603515625,39.75169372558594,52.770774841308594
60.57498,1.6101065,300.5777,10569.361,101.119514,37.41714,6594.631,39.245586,52.163536,52.02665666666667,2022-08-19 16:00:00,0.1368793333333329,1.4695348739624023,57.63249588012695,108.7291030883789,301.74871826171875,10350.451171875,7098.68603515625,39.75169372558594,52.770774841308594
60.60683,1.6100718,300.7057,10570.967,101.11993,37.38495,6586.221,39.215614,52.24331,52.02665666666667,2022-08-19 16:00:00,0.21665333333333336,1.4695348739624023,57.63249588012695,108.7291030883789,301.74871826171875,10350.451171875,7098.68603515625,39.75169372558594,52.770774841308594
60.635273,1.6099259,300.8303,10572.256,101.1151,37.352158,6578.396,39.18838,52.31776,52.02665666666667,2022-08-19 16:00:00,0.29110333333333216,1.4695348739624023,57.63249588012695,108.7291030883789,301.74871826171875,10350.451171875,7098.68603515625,39.75169372558594,52.770774841308594
60.660553,1.6096829,300.9512,10573.2705,101.10555,37.3191,6571.123,39.163643,52.387108,52.65038055555556,2022-08-20 02:00:00,0.2632725555555595,1.4959241151809692,58.346500396728516,109.73296356201172,303.66510009765625,10416.6083984375,6976.17724609375,39.418418884277344,53.640541076660156
60.68289,1.6093553,301.0682,10574.036,101.09184,37.286007,6564.37,39.141228,52.451508,52.65038055555556,2022-08-20 02:00:00,0.19887255555556038,1.4959241151809692,58.346500396728516,109.73296356201172,303.66510009765625,10416.6083984375,6976.17724609375,39.418418884277344,53.640541076660156
60.70252,1.608956,301.181,10574.588,101.07443,37.253117,6558.106,39.120937,52.51119,52.65038055555556,2022-08-20 02:00:00,0.13919055555555815,1.4959241151809692,58.346500396728516,109.73296356201172,303.66510009765625,10416.6083984375,6976.17724609375,39.418418884277344,53.640541076660156
60.71964,1.6084949,301.28952,10574.944,101.05375,37.22062,6552.3037,39.102604,52.566353,52.65038055555556,2022-08-20 02:00:00,0.08402755555555785,1.4959241151809692,58.346500396728516,109.73296356201172,303.66510009765625,10416.6083984375,6976.17724609375,39.418418884277344,53.640541076660156
60.73446,1.6079816,301.3937,10575.131,101.03025,37.188652,6546.9336,39.08609,52.617214,52.65038055555556,2022-08-20 02:00:00,0.03316655555556025,1.4959241151809692,58.346500396728516,109.73296356201172,303.66510009765625,10416.6083984375,6976.17724609375,39.418418884277344,53.640541076660156
60.747166,1.6074247,301.4934,10575.17,101.00428,37.15734,6541.969,39.071243,52.66399,52.65038055555556,2022-08-20 02:00:00,0.01360944444444101,1.4959241151809692,58.346500396728516,109.73296356201172,303.66510009765625,10416.6083984375,6976.17724609375,39.418418884277344,53.640541076660156
60.75795,1.6068321,301.58868,10575.077,100.97623,37.126797,6537.3877,39.057964,52.706924,52.71364222222223,2022-08-15 20:00:00,0.006718222222225734,1.4970502853393555,58.01367950439453,109.34957885742188,304.5319519042969,10434.3603515625,7097.47998046875,39.411251068115234,53.22954177856445
60.766968,1.6062111,301.67944,10574.871,100.9464,37.097084,6533.1626,39.04611,52.746212,52.71925944444444,2022-08-15 17:00:00,0.02695255555556031,1.494331955909729,58.01908493041992,109.15493774414062,305.876953125,10442.681640625,7092.58837890625,39.21855926513672,51.98360061645508
60.774387,1.6055664,301.76584,10574.562,100.91509,37.068253,6529.2725,39.035595,52.782074,52.774525,2022-08-20 22:00:00,0.007549000000004469,1.5164012908935547,58.53754425048828,109.23409271240234,305.1877746582031,10460.044921875,6929.9970703125,39.230201721191406,52.937713623046875
60.780357,1.6049043,301.84787,10574.165,100.88258,37.040348,6525.696,39.02632,52.81473,52.774525,2022-08-20 22:00:00,0.04020500000000027,1.5164012908935547,58.53754425048828,109.23409271240234,305.1877746582031,10460.044921875,6929.9970703125,39.230201721191406,52.937713623046875
60.78501,1.6042293,301.92566,10573.691,100.84909,37.013374,6522.414,39.018196,52.844376,52.774525,2022-08-20 22:00:00,0.06985099999999989,1.5164012908935547,58.53754425048828,109.23409271240234,305.1877746582031,10460.044921875,6929.9970703125,39.230201721191406,52.937713623046875
60.78848,1.6035452,301.99933,10573.148,100.81487,36.987373,6519.405,39.011127,52.871212,52.774525,2022-08-20 22:00:00,0.09668700000000285,1.5164012908935547,58.53754425048828,109.23409271240234,305.1877746582031,10460.044921875,6929.9970703125,39.230201721191406,52.937713623046875
60.79088,1.6028557,302.06897,10572.546,100.7801,36.96232,6516.6523,39.005054,52.89545,52.774525,2022-08-20 22:00:00,0.12092499999999973,1.5164012908935547,58.53754425048828,109.23409271240234,305.1877746582031,10460.044921875,6929.9970703125,39.230201721191406,52.937713623046875
60.79232,1.6021641,302.13474,10571.894,100.744965,36.93821,6514.138,38.999886,52.917255,52.774525,2022-08-20 22:00:00,0.14273000000000025,1.5164012908935547,58.53754425048828,109.23409271240234,305.1877746582031,10460.044921875,6929.9970703125,39.230201721191406,52.937713623046875
60.79291,1.6014731,302.19675,10571.196,100.70958,36.915035,6511.847,38.99556,52.936794,52.774525,2022-08-20 22:00:00,0.162269000000002,1.5164012908935547,58.53754425048828,109.23409271240234,305.1877746582031,10460.044921875,6929.9970703125,39.230201721191406,52.937713623046875
60.79273,1.6007849,302.25522,10570.459,100.67413,36.89277,6509.763,38.99202,52.95425,52.774525,2022-08-20 22:00:00,0.1797250000000048,1.5164012908935547,58.53754425048828,109.23409271240234,305.1877746582031,10460.044921875,6929.9970703125,39.230201721191406,52.937713623046875
60.791866,1.6001016,302.3102,10569.689,100.638725,36.871376,6507.872,38.9892,52.96978,52.774525,2022-08-20 22:00:00,0.19525500000000306,1.5164012908935547,58.53754425048828,109.23409271240234,305.1877746582031,10460.044921875,6929.9970703125,39.230201721191406,52.937713623046875
60.79041,1.5994247,302.3619,10568.894,100.60346,36.85085,6506.16,38.987034,52.98353,52.774525,2022-08-20 22:00:00,0.20900500000000477,1.5164012908935547,58.53754425048828,109.23409271240234,305.1877746582031,10460.044921875,6929.9970703125,39.230201721191406,52.937713623046875
60.78841,1.5987558,302.41052,10568.073,100.56843,36.83116,6504.6143,38.985477,52.995636,52.774525,2022-08-20 22:00:00,0.2211110000000005,1.5164012908935547,58.53754425048828,109.23409271240234,305.1877746582031,10460.044921875,6929.9970703125,39.230201721191406,52.937713623046875
60.78594,1.5980966,302.45615,10567.232,100.533714,36.81227,6503.2227,38.98448,53.006237,53.23136861111112,2022-09-09 10:00:00,0.22513161111112368,1.517144799232483,58.99005126953125,110.24600219726562,306.748291015625,10501.0888671875,6907.42529296875,39.06879806518555,53.0927848815918
60.783062,1.5974473,302.49893,10566.379,100.499374,36.794163,6501.974,38.983997,53.015457,53.23136861111112,2022-09-09 10:00:00,0.21591161111112456,1.517144799232483,58.99005126953125,110.24600219726562,306.748291015625,10501.0888671875,6907.42529296875,39.06879806518555,53.0927848815918
60.779827,1.5968093,302.53906,10565.512,100.46551,36.77677,6500.857,38.98397,53.0234,53.23136861111112,2022-09-09 10:00:00,0.20796861111112008,1.517144799232483,58.99005126953125,110.24600219726562,306.748291015625,10501.0888671875,6907.42529296875,39.06879806518555,53.0927848815918
60.77628,1.5961833,302.57666,10564.635,100.43212,36.760105,6499.8633,38.98437,53.030197,53.23136861111112,2022-09-09 10:00:00,0.20117161111112125,1.517144799232483,58.99005126953125,110.24600219726562,306.748291015625,10501.0888671875,6907.42529296875,39.06879806518555,53.0927848815918
60.77247,1.5955695,302.61194,10563.751,100.39926,36.744114,6498.9814,38.985157,53.03593,53.23136861111112,2022-09-09 10:00:00,0.19543861111112193,1.517144799232483,58.99005126953125,110.24600219726562,306.748291015625,10501.0888671875,6907.42529296875,39.06879806518555,53.0927848815918
60.768417,1.5949688,302.6449,10562.866,100.366974,36.728764,6498.2026,38.98628,53.040714,53.23136861111112,2022-09-09 10:00:00,0.19065461111112114,1.517144799232483,58.99005126953125,110.24600219726562,306.748291015625,10501.0888671875,6907.42529296875,39.06879806518555,53.0927848815918
60.764194,1.5943809,302.6758,10561.977,100.33531,36.714043,6497.5205,38.98772,53.0446,53.23136861111112,2022-09-09 10:00:00,0.18676861111111975,1.517144799232483,58.99005126953125,110.24600219726562,306.748291015625,10501.0888671875,6907.42529296875,39.06879806518555,53.0927848815918
60.7598,1.5938066,302.70462,10561.086,100.304245,36.699905,6496.9263,38.989445,53.047707,53.23136861111112,2022-09-09 10:00:00,0.18366161111111978,1.517144799232483,58.99005126953125,110.24600219726562,306.748291015625,10501.0888671875,6907.42529296875,39.06879806518555,53.0927848815918
60.755276,1.5932461,302.73166,10560.202,100.27383,36.686333,6496.412,38.991413,53.05008,53.23136861111112,2022-09-09 10:00:00,0.18128861111112116,1.517144799232483,58.99005126953125,110.24600219726562,306.748291015625,10501.0888671875,6907.42529296875,39.06879806518555,53.0927848815918
60.75065,1.5926989,302.75696,10559.318,100.244064,36.6733,6495.972,38.993607,53.05181,53.23136861111112,2022-09-09 10:00:00,0.17955861111111915,1.517144799232483,58.99005126953125,110.24600219726562,306.748291015625,10501.0888671875,6907.42529296875,39.06879806518555,53.0927848815918
60.745937,1.5921655,302.78058,10558.44,100.21497,36.660778,6495.6,38.996,53.05294,53.23136861111112,2022-09-09 10:00:00,0.17842861111112285,1.517144799232483,58.99005126953125,110.24600219726562,306.748291015625,10501.0888671875,6907.42529296875,39.06879806518555,53.0927848815918
60.741165,1.5916457,302.80264,10557.57,100.18653,36.648754,6495.2896,38.998566,53.05354,53.23136861111112,2022-09-09 10:00:00,0.17782861111112425,1.517144799232483,58.99005126953125,110.24600219726562,306.748291015625,10501.0888671875,6907.42529296875,39.06879806518555,53.0927848815918
60.73635,1.5911394,302.8233,10556.707,100.158775,36.637173,6495.036,39.001278,53.053673,53.23136861111112,2022-09-09 10:00:00,0.17769561111111898,1.517144799232483,58.99005126953125,110.24600219726562,306.748291015625,10501.0888671875,6907.42529296875,39.06879806518555,53.0927848815918
60.731506,1.5906463,302.8426,10555.854,100.131676,36.626057,6494.834,39.004124,53.053368,53.23136861111112,2022-09-09 10:00:00,0.17800061111112342,1.517144799232483,58.99005126953125,110.24600219726562,306.748291015625,10501.0888671875,6907.42529296875,39.06879806518555,53.0927848815918
60.72665,1.5901669,302.86063,10555.008,100.105255,36.61536,6494.679,39.00708,53.052685,53.23136861111112,2022-09-09 10:00:00,0.17868361111112563,1.517144799232483,58.99005126953125,110.24600219726562,306.748291015625,10501.0888671875,6907.42529296875,39.06879806518555,53.0927848815918
60.72179,1.5897003,302.87747,10554.175,100.079506,36.605053,6494.567,39.01014,53.051655,53.23136861111112,2022-09-09 10:00:00,0.17971361111112572,1.517144799232483,58.99005126953125,110.24600219726562,306.748291015625,10501.0888671875,6907.42529296875,39.06879806518555,53.0927848815918
60.716957,1.5892466,302.89322,10553.353,100.0544,36.59514,6494.4927,39.013264,53.05033,53.23136861111112,2022-09-09 10:00:00,0.18103861111111996,1.517144799232483,58.99005126953125,110.24600219726562,306.748291015625,10501.0888671875,6907.42529296875,39.06879806518555,53.0927848815918
60.712143,1.5888053,302.90796,10552.542,100.02995,36.585587,6494.454,39.01646,53.048733,53.23136861111112,2022-09-09 10:00:00,0.1826356111111238,1.517144799232483,58.99005126953125,110.24600219726562,306.748291015625,10501.0888671875,6907.42529296875,39.06879806518555,53.0927848815918
60.70735,1.5883771,302.92172,10551.743,100.00615,36.576397,6494.4473,39.01971,53.0469,53.23136861111112,2022-09-09 10:00:00,0.18446861111112156,1.517144799232483,58.99005126953125,110.24600219726562,306.748291015625,10501.0888671875,6907.42529296875,39.06879806518555,53.0927848815918
60.70261,1.5879602,302.93457,10550.959,99.98297,36.567528,6494.4683,39.023,53.04486,53.23136861111112,2022-09-09 10:00:00,0.1865086111111225,1.517144799232483,58.99005126953125,110.24600219726562,306.748291015625,10501.0888671875,6907.42529296875,39.06879806518555,53.0927848815918
60.697903,1.5875553,302.9466,10550.187,99.96042,36.558975,6494.5156,39.026314,53.042637,53.23136861111112,2022-09-09 10:00:00,0.18873161111112324,1.517144799232483,58.99005126953125,110.24600219726562,306.748291015625,10501.0888671875,6907.42529296875,39.06879806518555,53.0927848815918
60.69325,1.5871626,302.95782,10549.43,99.938484,36.550724,6494.5854,39.029644,53.040257,53.23136861111112,2022-09-09 10:00:00,0.1911116111111255,1.517144799232483,58.99005126953125,110.24600219726562,306.748291015625,10501.0888671875,6907.42529296875,39.06879806518555,53.0927848815918
60.68867,1.5867809,302.96838,10548.685,99.917145,36.542778,6494.6763,39.03299,53.037743,53.23136861111112,2022-09-09 10:00:00,0.19362561111112342,1.517144799232483,58.99005126953125,110.24600219726562,306.748291015625,10501.0888671875,6907.42529296875,39.06879806518555,53.0927848815918
60.684147,1.5864105,302.9782,10547.956,99.89639,36.53511,6494.7847,39.036335,53.03511,53.23136861111112,2022-09-09 10:00:00,0.1962586111111193,1.517144799232483,58.99005126953125,110.24600219726562,306.748291015625,10501.0888671875,6907.42529296875,39.06879806518555,53.0927848815918
60.679684,1.5860504,302.98743,10547.24,99.87621,36.527714,6494.909,39.03967,53.032383,53.23136861111112,2022-09-09 10:00:00,0.19898561111111945,1.517144799232483,58.99005126953125,110.24600219726562,306.748291015625,10501.0888671875,6907.42529296875,39.06879806518555,53.0927848815918
60.675293,1.5857011,302.99603,10546.54,99.856606,36.520557,6495.049,39.043,53.029575,53.23136861111112,2022-09-09 10:00:00,0.20179361111112115,1.517144799232483,58.99005126953125,110.24600219726562,306.748291015625,10501.0888671875,6907.42529296875,39.06879806518555,53.0927848815918
60.670975,1.5853621,303.0041,10545.8545,99.83755,36.51365,6495.2007,39.046303,53.026703,53.23136861111112,2022-09-09 10:00:00,0.2046656111111247,1.517144799232483,58.99005126953125,110.24600219726562,306.748291015625,10501.0888671875,6907.42529296875,39.06879806518555,53.0927848815918
60.666718,1.5850329,303.01166,10545.182,99.81901,36.506985,6495.364,39.049587,53.023773,53.23136861111112,2022-09-09 10:00:00,0.2075956111111239,1.517144799232483,58.99005126953125,110.24600219726562,306.748291015625,10501.0888671875,6907.42529296875,39.06879806518555,53.0927848815918
60.66255,1.5847135,303.01874,10544.522,99.801025,36.500534,6495.536,39.052845,53.0208,53.23136861111112,2022-09-09 10:00:00,0.21056861111112113,1.517144799232483,58.99005126953125,110.24600219726562,306.748291015625,10501.0888671875,6907.42529296875,39.06879806518555,53.0927848815918
60.65846,1.5844035,303.02533,10543.882,99.78352,36.4943,6495.717,39.056072,53.01781,53.23136861111112,2022-09-09 10:00:00,0.21355861111112517,1.517144799232483,58.99005126953125,110.24600219726562,306.748291015625,10501.0888671875,6907.42529296875,39.06879806518555,53.0927848815918
60.654446,1.5841025,303.03152,10543.253,99.76653,36.488274,6495.905,39.059258,53.014786,53.23136861111112,2022-09-09 10:00:00,0.21658261111112154,1.517144799232483,58.99005126953125,110.24600219726562,306.748291015625,10501.0888671875,6907.42529296875,39.06879806518555,53.0927848815918
60.65051,1.5838102,303.03738,10542.64,99.75003,36.482445,6496.098,39.062405,53.011757,53.23136861111112,2022-09-09 10:00:00,0.2196116111111195,1.517144799232483,58.99005126953125,110.24600219726562,306.748291015625,10501.0888671875,6907.42529296875,39.06879806518555,53.0927848815918
60.646652,1.5835271,303.04282,10542.04,99.73399,36.476814,6496.2974,39.06551,53.008724,53.23136861111112,2022-09-09 10:00:00,0.22264461111112155,1.517144799232483,58.99005126953125,110.24600219726562,306.748291015625,10501.0888671875,6907.42529296875,39.06879806518555,53.0927848815918
60.642883,1.5832521,303.04797,10541.454,99.71842,36.471363,6496.4995,39.06857,53.00568,53.23136861111112,2022-09-09 10:00:00,0.22568861111112426,1.517144799232483,58.99005126953125,110.24600219726562,306.748291015625,10501.0888671875,6907.42529296875,39.06879806518555,53.0927848815918
60.63919,1.5829854,303.05276,10540.881,99.7033,36.466095,6496.7056,39.071587,53.002666,52.774525,2022-08-20 22:00:00,0.22814100000000082,1.5164012908935547,58.53754425048828,109.23409271240234,305.1877746582031,10460.044921875,6929.9970703125,39.230201721191406,52.937713623046875
60.635567,1.5827261,303.05725,10540.322,99.6886,36.460987,6496.914,39.074547,52.999664,52.774525,2022-08-20 22:00:00,0.22513900000000575,1.5164012908935547,58.53754425048828,109.23409271240234,305.1877746582031,10460.044921875,6929.9970703125,39.230201721191406,52.937713623046875
60.63203,1.5824747,303.0615,10539.778,99.67433,36.456043,6497.1245,39.077465,52.996666,52.774525,2022-08-20 22:00:00,0.2221410000000006,1.5164012908935547,58.53754425048828,109.23409271240234,305.1877746582031,10460.044921875,6929.9970703125,39.230201721191406,52.937713623046875
60.62857,1.5822308,303.06543,10539.247,99.66048,36.45126,6497.336,39.08033,52.99371,52.774525,2022-08-20 22:00:00,0.21918500000000307,1.5164012908935547,58.53754425048828,109.23409271240234,305.1877746582031,10460.044921875,6929.9970703125,39.230201721191406,52.937713623046875
60.62519,1.5819943,303.0692,10538.7295,99.64701,36.446625,6497.548,39.083145,52.99078,52.774525,2022-08-20 22:00:00,0.21625500000000386,1.5164012908935547,58.53754425048828,109.23409271240234,305.1877746582031,10460.044921875,6929.9970703125,39.230201721191406,52.937713623046875
60.6219,1.5817647,303.0727,10538.225,99.63396,36.44213,6497.76,39.085907,52.987873,52.774525,2022-08-20 22:00:00,0.21334800000000342,1.5164012908935547,58.53754425048828,109.23409271240234,305.1877746582031,10460.044921875,6929.9970703125,39.230201721191406,52.937713623046875
60.61867,1.5815418,303.07596,10537.73,99.62128,36.43779,6497.972,39.08862,52.985,52.774525,2022-08-20 22:00:00,0.2104750000000024,1.5164012908935547,58.53754425048828,109.23409271240234,305.1877746582031,10460.044921875,6929.9970703125,39.230201721191406,52.937713623046875
60.615513,1.5813254,303.0791,10537.251,99.60894,36.43357,6498.183,39.091274,52.98217,52.774525,2022-08-20 22:00:00,0.20764500000000652,1.5164012908935547,58.53754425048828,109.23409271240234,305.1877746582031,10460.044921875,6929.9970703125,39.230201721191406,52.937713623046875
60.612442,1.5811154,303.08197,10536.782,99.59698,36.429497,6498.393,39.09388,52.97938,52.774525,2022-08-20 22:00:00,0.204855000000002,1.5164012908935547,58.53754425048828,109.23409271240234,305.1877746582031,10460.044921875,6929.9970703125,39.230201721191406,52.937713623046875
60.609444,1.5809115,303.0848,10536.327,99.58534,36.42555,6498.6025,39.096424,52.976635,52.774525,2022-08-20 22:00:00,0.20211000000000467,1.5164012908935547,58.53754425048828,109.23409271240234,305.1877746582031,10460.044921875,6929.9970703125,39.230201721191406,52.937713623046875
60.606518,1.5807139,303.08737,10535.883,99.574066,36.421715,6498.8086,39.098923,52.97392,52.774525,2022-08-20 22:00:00,0.19939500000000265,1.5164012908935547,58.53754425048828,109.23409271240234,305.1877746582031,10460.044921875,6929.9970703125,39.230201721191406,52.937713623046875
60.603653,1.5805218,303.08975,10535.448,99.563095,36.418007,6499.014,39.101364,52.971252,52.774525,2022-08-20 22:00:00,0.19672700000000276,1.5164012908935547,58.53754425048828,109.23409271240234,305.1877746582031,10460.044921875,6929.9970703125,39.230201721191406,52.937713623046875
60.600872,1.5803356,303.09207,10535.028,99.55246,36.414406,6499.2173,39.103752,52.96864,52.774525,2022-08-20 22:00:00,0.1941150000000036,1.5164012908935547,58.53754425048828,109.23409271240234,305.1877746582031,10460.044921875,6929.9970703125,39.230201721191406,52.937713623046875
60.598152,1.5801548,303.0942,10534.617,99.54212,36.410908,6499.4175,39.10609,52.966072,52.774525,2022-08-20 22:00:00,0.1915469999999999,1.5164012908935547,58.53754425048828,109.23409271240234,305.1877746582031,10460.044921875,6929.9970703125,39.230201721191406,52.937713623046875
60.595505,1.5799794,303.0963,10534.218,99.53208,36.407536,6499.6157,39.10837,52.96355,52.774525,2022-08-20 22:00:00,0.1890250000000009,1.5164012908935547,58.53754425048828,109.23409271240234,305.1877746582031,10460.044921875,6929.9970703125,39.230201721191406,52.937713623046875
60.592922,1.5798087,303.09824,10533.829,99.52233,36.404243,6499.811,39.110603,52.961075,52.774525,2022-08-20 22:00:00,0.186550000000004,1.5164012908935547,58.53754425048828,109.23409271240234,305.1877746582031,10460.044921875,6929.9970703125,39.230201721191406,52.937713623046875
60.5904,1.5796437,303.10004,10533.448,99.51286,36.40107,6500.0044,39.112785,52.958645,52.774525,2022-08-20 22:00:00,0.18412000000000006,1.5164012908935547,58.53754425048828,109.23409271240234,305.1877746582031,10460.044921875,6929.9970703125,39.230201721191406,52.937713623046875
60.587955,1.5794828,303.10175,10533.081,99.50368,36.397976,6500.194,39.114914,52.95626,52.774525,2022-08-20 22:00:00,0.1817350000000033,1.5164012908935547,58.53754425048828,109.23409271240234,305.1877746582031,10460.044921875,6929.9970703125,39.230201721191406,52.937713623046875
60.585556,1.5793269,303.1034,10532.721,99.49475,36.394978,6500.3804,39.117,52.953922,52.774525,2022-08-20 22:00:00,0.17939700000000158,1.5164012908935547,58.53754425048828,109.23409271240234,305.1877746582031,10460.044921875,6929.9970703125,39.230201721191406,52.937713623046875
60.58323,1.5791756,303.10492,10532.371,99.48607,36.392075,6500.564,39.11903,52.951645,52.774525,2022-08-20 22:00:00,0.17712000000000216,1.5164012908935547,58.53754425048828,109.23409271240234,305.1877746582031,10460.044921875,6929.9970703125,39.230201721191406,52.937713623046875
60.580963,1.5790285,303.10638,10532.03,99.477646,36.389256,6500.7446,39.121006,52.9494,52.774525,2022-08-20 22:00:00,0.1748750000000001,1.5164012908935547,58.53754425048828,109.23409271240234,305.1877746582031,10460.044921875,6929.9970703125,39.230201721191406,52.937713623046875
60.578743,1.5788858,303.10773,10531.7,99.46947,36.38652,6500.922,39.12294,52.947216,52.774525,2022-08-20 22:00:00,0.17269100000000037,1.5164012908935547,58.53754425048828,109.23409271240234,305.1877746582031,10460.044921875,6929.9970703125,39.230201721191406,52.937713623046875
60.576584,1.5787472,303.10904,10531.377,99.461525,36.383858,6501.096,39.124836,52.94507,52.774525,2022-08-20 22:00:00,0.17054500000000417,1.5164012908935547,58.53754425048828,109.23409271240234,305.1877746582031,10460.044921875,6929.9970703125,39.230201721191406,52.937713623046875
60.574493,1.5786129,303.11023,10531.064,99.453804,36.381287,6501.2666,39.12667,52.94298,52.774525,2022-08-20 22:00:00,0.16845500000000158,1.5164012908935547,58.53754425048828,109.23409271240234,305.1877746582031,10460.044921875,6929.9970703125,39.230201721191406,52.937713623046875
60.57245,1.578482,303.11142,10530.758,99.44631,36.378788,6501.434,39.128464,52.94093,52.774525,2022-08-20 22:00:00,0.16640500000000458,1.5164012908935547,58.53754425048828,109.23409271240234,305.1877746582031,10460.044921875,6929.9970703125,39.230201721191406,52.937713623046875
60.570457,1.5783552,303.11252,10530.461,99.439026,36.37637,6501.599,39.130226,52.938934,52.774525,2022-08-20 22:00:00,0.16440900000000624,1.5164012908935547,58.53754425048828,109.23409271240234,305.1877746582031,10460.044921875,6929.9970703125,39.230201721191406,52.937713623046875
60.568516,1.578232,303.11356,10530.172,99.43195,36.374012,6501.7603,39.131927,52.936966,52.774525,2022-08-20 22:00:00,0.16244100000000117,1.5164012908935547,58.53754425048828,109.23409271240234,305.1877746582031,10460.044921875,6929.9970703125,39.230201721191406,52.937713623046875
60.56664,1.5781122,303.11456,10529.892,99.42509,36.371727,6501.918,39.13359,52.935062,52.774525,2022-08-20 22:00:00,0.16053700000000504,1.5164012908935547,58.53754425048828,109.23409271240234,305.1877746582031,10460.044921875,6929.9970703125,39.230201721191406,52.937713623046875
60.564793,1.5779963,303.11548,10529.618,99.41841,36.369514,6502.0723,39.135216,52.933193,52.774525,2022-08-20 22:00:00,0.1586680000000058,1.5164012908935547,58.53754425048828,109.23409271240234,305.1877746582031,10460.044921875,6929.9970703125,39.230201721191406,52.937713623046875
60.563007,1.5778835,303.1164,10529.352,99.411934,36.36736,6502.2236,39.136806,52.931374,52.774525,2022-08-20 22:00:00,0.15684900000000113,1.5164012908935547,58.53754425048828,109.23409271240234,305.1877746582031,10460.044921875,6929.9970703125,39.230201721191406,52.937713623046875
60.56126,1.5777738,303.11722,10529.094,99.40564,36.36527,6502.3716,39.138344,52.929592,52.774525,2022-08-20 22:00:00,0.1550670000000025,1.5164012908935547,58.53754425048828,109.23409271240234,305.1877746582031,10460.044921875,6929.9970703125,39.230201721191406,52.937713623046875
60.559574,1.5776675,303.118,10528.84,99.39951,36.363243,6502.5166,39.13985,52.92785,52.774525,2022-08-20 22:00:00,0.15332500000000238,1.5164012908935547,58.53754425048828,109.23409271240234,305.1877746582031,10460.044921875,6929.9970703125,39.230201721191406,52.937713623046875
60.557922,1.5775642,303.11877,10528.598,99.39356,36.361267,6502.6577,39.141315,52.92616,52.774525,2022-08-20 22:00:00,0.15163500000000596,1.5164012908935547,58.53754425048828,109.23409271240234,305.1877746582031,10460.044921875,6929.9970703125,39.230201721191406,52.937713623046875
60.556316,1.5774636,303.1195,10528.357,99.38778,36.359352,6502.797,39.14274,52.9245,52.774525,2022-08-20 22:00:00,0.14997500000000485,1.5164012908935547,58.53754425048828,109.23409271240234,305.1877746582031,10460.044921875,6929.9970703125,39.230201721191406,52.937713623046875
60.554756,1.5773659,303.12018,10528.126,99.38217,36.3575,6502.9326,39.144127,52.922886,52.774525,2022-08-20 22:00:00,0.1483610000000013,1.5164012908935547,58.53754425048828,109.23409271240234,305.1877746582031,10460.044921875,6929.9970703125,39.230201721191406,52.937713623046875
60.553238,1.5772712,303.12088,10527.899,99.37673,36.355694,6503.0645,39.14548,52.921307,52.774525,2022-08-20 22:00:00,0.14678200000000174,1.5164012908935547,58.53754425048828,109.23409271240234,305.1877746582031,10460.044921875,6929.9970703125,39.230201721191406,52.937713623046875
60.551754,1.5771791,303.12146,10527.682,99.37143,36.353947,6503.194,39.1468,52.919773,52.774525,2022-08-20 22:00:00,0.14524800000000226,1.5164012908935547,58.53754425048828,109.23409271240234,305.1877746582031,10460.044921875,6929.9970703125,39.230201721191406,52.937713623046875
60.55031,1.5770895,303.12207,10527.468,99.36628,36.35224,6503.3203,39.14809,52.918274,52.774525,2022-08-20 22:00:00,0.14374899999999968,1.5164012908935547,58.53754425048828,109.23409271240234,305.1877746582031,10460.044921875,6929.9970703125,39.230201721191406,52.937713623046875
60.548912,1.5770028,303.12262,10527.26,99.36128,36.350586,6503.4434,39.149338,52.916817,52.774525,2022-08-20 22:00:00,0.14229200000000475,1.5164012908935547,58.53754425048828,109.23409271240234,305.1877746582031,10460.044921875,6929.9970703125,39.230201721191406,52.937713623046875
60.547543,1.5769185,303.12317,10527.058,99.35642,36.348984,6503.564,39.150562,52.915386,52.774525,2022-08-20 22:00:00,0.140861000000001,1.5164012908935547,58.53754425048828,109.23409271240234,305.1877746582031,10460.044921875,6929.9970703125,39.230201721191406,52.937713623046875
60.54622,1.5768365,303.1237,10526.862,99.35171,36.347424,6503.6816,39.151745,52.913998,52.774525,2022-08-20 22:00:00,0.1394730000000024,1.5164012908935547,58.53754425048828,109.23409271240234,305.1877746582031,10460.044921875,6929.9970703125,39.230201721191406,52.937713623046875
60.54493,1.5767567,303.12415,10526.672,99.34712,36.345905,6503.797,39.1529,52.912636,52.774525,2022-08-20 22:00:00,0.1381110000000021,1.5164012908935547,58.53754425048828,109.23409271240234,305.1877746582031,10460.044921875,6929.9970703125,39.230201721191406,52.937713623046875
60.54367,1.5766793,303.12466,10526.484,99.34266,36.344433,6503.9087,39.15403,52.911316,52.774525,2022-08-20 22:00:00,0.13679100000000233,1.5164012908935547,58.53754425048828,109.23409271240234,305.1877746582031,10460.044921875,6929.9970703125,39.230201721191406,52.937713623046875
60.542442,1.5766042,303.12506,10526.304,99.33832,36.343014,6504.0186,39.155125,52.910034,52.774525,2022-08-20 22:00:00,0.1355090000000061,1.5164012908935547,58.53754425048828,109.23409271240234,305.1877746582031,10460.044921875,6929.9970703125,39.230201721191406,52.937713623046875
60.54126,1.5765309,303.1255,10526.13,99.33412,36.341625,6504.125,39.1562,52.90878,52.774525,2022-08-20 22:00:00,0.13425500000000312,1.5164012908935547,58.53754425048828,109.23409271240234,305.1877746582031,10460.044921875,6929.9970703125,39.230201721191406,52.937713623046875
60.5401,1.57646,303.1259,10525.959,99.33002,36.34028,6504.2295,39.157234,52.90756,52.774525,2022-08-20 22:00:00,0.13303499999999957,1.5164012908935547,58.53754425048828,109.23409271240234,305.1877746582031,10460.044921875,6929.9970703125,39.230201721191406,52.937713623046875
60.538975,1.5763911,303.12625,10525.792,99.32605,36.338974,6504.331,39.158237,52.90637,52.774525,2022-08-20 22:00:00,0.13184500000000554,1.5164012908935547,58.53754425048828,109.23409271240234,305.1877746582031,10460.044921875,6929.9970703125,39.230201721191406,52.937713623046875
60.537876,1.5763241,303.12665,10525.631,99.32219,36.3377,6504.4307,39.159225,52.90521,52.774525,2022-08-20 22:00:00,0.13068499999999972,1.5164012908935547,58.53754425048828,109.23409271240234,305.1877746582031,10460.044921875,6929.9970703125,39.230201721191406,52.937713623046875
60.53681,1.5762589,303.12698,10525.474,99.31843,36.336464,6504.5273,39.160187,52.90408,52.774525,2022-08-20 22:00:00,0.12955500000000342,1.5164012908935547,58.53754425048828,109.23409271240234,305.1877746582031,10460.044921875,6929.9970703125,39.230201721191406,52.937713623046875
60.535786,1.5761955,303.12735,10525.32,99.31479,36.335255,6504.621,39.161114,52.90298,52.774525,2022-08-20 22:00:00,0.12845500000000243,1.5164012908935547,58.53754425048828,109.23409271240234,305.1877746582031,10460.044921875,6929.9970703125,39.230201721191406,52.937713623046875
60.534767,1.576134,303.12766,10525.172,99.31123,36.334095,6504.7134,39.162018,52.901913,52.774525,2022-08-20 22:00:00,0.1273880000000034,1.5164012908935547,58.53754425048828,109.23409271240234,305.1877746582031,10460.044921875,6929.9970703125,39.230201721191406,52.937713623046875
60.533787,1.5760744,303.12796,10525.027,99.307785,36.332962,6504.8027,39.162907,52.900852,52.774525,2022-08-20 22:00:00,0.1263270000000034,1.5164012908935547,58.53754425048828,109.23409271240234,305.1877746582031,10460.044921875,6929.9970703125,39.230201721191406,52.937713623046875
60.532833,1.5760161,303.12823,10524.888,99.30444,36.33186,6504.89,39.163765,52.899845,52.774525,2022-08-20 22:00:00,0.1253200000000021,1.5164012908935547,58.53754425048828,109.23409271240234,305.1877746582031,10460.044921875,6929.9970703125,39.230201721191406,52.937713623046875
60.531902,1.5759596,303.12854,10524.751,99.30118,36.330795,6504.9756,39.164604,52.89885,52.774525,2022-08-20 22:00:00,0.12432500000000601,1.5164012908935547,58.53754425048828,109.23409271240234,305.1877746582031,10460.044921875,6929.9970703125,39.230201721191406,52.937713623046875
60.531,1.575905,303.1288,10524.617,99.29801,36.32975,6505.058,39.16542,52.89789,52.774525,2022-08-20 22:00:00,0.12336499999999972,1.5164012908935547,58.53754425048828,109.23409271240234,305.1877746582031,10460.044921875,6929.9970703125,39.230201721191406,52.937713623046875
60.530125,1.5758516,303.1291,10524.488,99.29494,36.328747,6505.14,39.16621,52.896954,52.774525,2022-08-20 22:00:00,0.1224290000000039,1.5164012908935547,58.53754425048828,109.23409271240234,305.1877746582031,10460.044921875,6929.9970703125,39.230201721191406,52.937713623046875
60.529266,1.5757996,303.1293,10524.362,99.29195,36.32775,6505.2183,39.166985,52.89603,52.774525,2022-08-20 22:00:00,0.12150500000000619,1.5164012908935547,58.53754425048828,109.23409271240234,305.1877746582031,10460.044921875,6929.9970703125,39.230201721191406,52.937713623046875
60.528435,1.5757493,303.12958,10524.24,99.28904,36.326805,6505.2954,39.167736,52.89514,52.774525,2022-08-20 22:00:00,0.1206150000000008,1.5164012908935547,58.53754425048828,109.23409271240234,305.1877746582031,10460.044921875,6929.9970703125,39.230201721191406,52.937713623046875
60.52763,1.5757005,303.12982,10524.12,99.286224,36.325886,6505.3706,39.168465,52.89426,52.774525,2022-08-20 22:00:00,0.1197350000000057,1.5164012908935547,58.53754425048828,109.23409271240234,305.1877746582031,10460.044921875,6929.9970703125,39.230201721191406,52.937713623046875
60.526836,1.5756526,303.13,10524.006,99.28348,36.32497,6505.443,39.169167,52.893425,52.774525,2022-08-20 22:00:00,0.11890000000000356,1.5164012908935547,58.53754425048828,109.23409271240234,305.1877746582031,10460.044921875,6929.9970703125,39.230201721191406,52.937713623046875
60.526077,1.5756065,303.1302,10523.894,99.2808,36.32411,6505.5146,39.16987,52.89261,52.774525,2022-08-20 22:00:00,0.11808500000000066,1.5164012908935547,58.53754425048828,109.23409271240234,305.1877746582031,10460.044921875,6929.9970703125,39.230201721191406,52.937713623046875
60.525333,1.5755613,303.1304,10523.784,99.278206,36.32325,6505.584,39.170536,52.891808,52.774525,2022-08-20 22:00:00,0.11728300000000047,1.5164012908935547,58.53754425048828,109.23409271240234,305.1877746582031,10460.044921875,6929.9970703125,39.230201721191406,52.937713623046875
60.52461,1.5755177,303.1306,10523.677,99.27569,36.322422,6505.6514,39.171196,52.89102,52.774525,2022-08-20 22:00:00,0.11649500000000046,1.5164012908935547,58.53754425048828,109.23409271240234,305.1877746582031,10460.044921875,6929.9970703125,39.230201721191406,52.937713623046875
60.5239,1.5754755,303.1308,10523.573,99.27323,36.321625,6505.7173,39.171833,52.890266,52.774525,2022-08-20 22:00:00,0.11574099999999987,1.5164012908935547,58.53754425048828,109.23409271240234,305.1877746582031,10460.044921875,6929.9970703125,39.230201721191406,52.937713623046875
60.523216,1.575434,303.13095,10523.473,99.27084,36.32084,6505.7812,39.17245,52.889526,52.774525,2022-08-20 22:00:00,0.11500099999999946,1.5164012908935547,58.53754425048828,109.23409271240234,305.1877746582031,10460.044921875,6929.9970703125,39.230201721191406,52.937713623046875
60.522552,1.5753936,303.1311,10523.374,99.26853,36.32008,6505.8438,39.173058,52.888805,52.774525,2022-08-20 22:00:00,0.11428000000000083,1.5164012908935547,58.53754425048828,109.23409271240234,305.1877746582031,10460.044921875,6929.9970703125,39.230201721191406,52.937713623046875
60.5219,1.5753546,303.13132,10523.28,99.266266,36.319344,6505.9043,39.17364,52.88811,52.774525,2022-08-20 22:00:00,0.11358500000000049,1.5164012908935547,58.53754425048828,109.23409271240234,305.1877746582031,10460.044921875,6929.9970703125,39.230201721191406,52.937713623046875
60.52127,1.5753169,303.13147,10523.187,99.264084,36.31862,6505.963,39.174217,52.88743,52.774525,2022-08-20 22:00:00,0.11290500000000492,1.5164012908935547,58.53754425048828,109.23409271240234,305.1877746582031,10460.044921875,6929.9970703125,39.230201721191406,52.937713623046875
60.520657,1.5752798,303.1316,10523.097,99.26196,36.317913,6506.0215,39.174767,52.88676,52.774525,2022-08-20 22:00:00,0.11223500000000541,1.5164012908935547,58.53754425048828,109.23409271240234,305.1877746582031,10460.044921875,6929.9970703125,39.230201721191406,52.937713623046875
60.52006,1.5752442,303.13174,10523.009,99.25989,36.31725,6506.0776,39.175316,52.886116,52.774525,2022-08-20 22:00:00,0.11159100000000421,1.5164012908935547,58.53754425048828,109.23409271240234,305.1877746582031,10460.044921875,6929.9970703125,39.230201721191406,52.937713623046875
60.519478,1.5752091,303.1319,10522.924,99.257866,36.31658,6506.132,39.175835,52.885487,52.774525,2022-08-20 22:00:00,0.11096200000000067,1.5164012908935547,58.53754425048828,109.23409271240234,305.1877746582031,10460.044921875,6929.9970703125,39.230201721191406,52.937713623046875
60.518913,1.5751752,303.13205,10522.841,99.255905,36.315956,6506.185,39.176342,52.884876,52.774525,2022-08-20 22:00:00,0.11035100000000142,1.5164012908935547,58.53754425048828,109.23409271240234,305.1877746582031,10460.044921875,6929.9970703125,39.230201721191406,52.937713623046875
60.51837,1.5751423,303.13217,10522.762,99.25402,36.31534,6506.2373,39.17685,52.884277,52.774525,2022-08-20 22:00:00,0.1097520000000003,1.5164012908935547,58.53754425048828,109.23409271240234,305.1877746582031,10460.044921875,6929.9970703125,39.230201721191406,52.937713623046875
60.517838,1.5751104,303.1323,10522.684,99.25217,36.31472,6506.287,39.17733,52.883698,52.774525,2022-08-20 22:00:00,0.10917300000000552,1.5164012908935547,58.53754425048828,109.23409271240234,305.1877746582031,10460.044921875,6929.9970703125,39.230201721191406,52.937713623046875
60.51732,1.5750793,303.13242,10522.605,99.25036,36.31413,6506.3364,39.177803,52.883137,52.774525,2022-08-20 22:00:00,0.10861200000000082,1.5164012908935547,58.53754425048828,109.23409271240234,305.1877746582031,10460.044921875,6929.9970703125,39.230201721191406,52.937713623046875
60.51681,1.5750488,303.1325,10522.531,99.24861,36.313564,6506.385,39.178265,52.882587,52.774525,2022-08-20 22:00:00,0.10806200000000388,1.5164012908935547,58.53754425048828,109.23409271240234,305.1877746582031,10460.044921875,6929.9970703125,39.230201721191406,52.937713623046875
60.51631,1.5750196,303.1326,10522.46,99.24691,36.313,6506.431,39.17871,52.88205,52.774525,2022-08-20 22:00:00,0.10752500000000254,1.5164012908935547,58.53754425048828,109.23409271240234,305.1877746582031,10460.044921875,6929.9970703125,39.230201721191406,52.937713623046875
60.515842,1.5749907,303.13272,10522.39,99.245255,36.31246,6506.4766,39.179142,52.88154,52.774525,2022-08-20 22:00:00,0.10701500000000408,1.5164012908935547,58.53754425048828,109.23409271240234,305.1877746582031,10460.044921875,6929.9970703125,39.230201721191406,52.937713623046875
60.515373,1.5749631,303.13284,10522.321,99.24366,36.31193,6506.521,39.179565,52.88103,52.774525,2022-08-20 22:00:00,0.10650500000000562,1.5164012908935547,58.53754425048828,109.23409271240234,305.1877746582031,10460.044921875,6929.9970703125,39.230201721191406,52.937713623046875
60.51492,1.574936,303.13293,10522.254,99.24209,36.31143,6506.5635,39.17997,52.88054,52.774525,2022-08-20 22:00:00,0.10601500000000641,1.5164012908935547,58.53754425048828,109.23409271240234,305.1877746582031,10460.044921875,6929.9970703125,39.230201721191406,52.937713623046875
60.514477,1.5749098,303.13303,10522.19,99.24058,36.310936,6506.6055,39.180378,52.880054,52.774525,2022-08-20 22:00:00,0.1055290000000042,1.5164012908935547,58.53754425048828,109.23409271240234,305.1877746582031,10460.044921875,6929.9970703125,39.230201721191406,52.937713623046875
60.514057,1.574884,303.13312,10522.127,99.2391,36.310455,6506.6465,39.180756,52.879585,52.774525,2022-08-20 22:00:00,0.10506000000000171,1.5164012908935547,58.53754425048828,109.23409271240234,305.1877746582031,10460.044921875,6929.9970703125,39.230201721191406,52.937713623046875
60.51364,1.5748593,303.13324,10522.066,99.23766,36.309975,6506.6855,39.18114,52.87914,52.774525,2022-08-20 22:00:00,0.10461500000000257,1.5164012908935547,58.53754425048828,109.23409271240234,305.1877746582031,10460.044921875,6929.9970703125,39.230201721191406,52.937713623046875
60.513237,1.5748351,303.1333,10522.007,99.23626,36.30952,6506.7246,39.181515,52.8787,52.774525,2022-08-20 22:00:00,0.10417500000000501,1.5164012908935547,58.53754425048828,109.23409271240234,305.1877746582031,10460.044921875,6929.9970703125,39.230201721191406,52.937713623046875
60.512844,1.5748116,303.1334,10521.949,99.23489,36.309082,6506.762,39.18187,52.87827,52.774525,2022-08-20 22:00:00,0.10374500000000353,1.5164012908935547,58.53754425048828,109.23409271240234,305.1877746582031,10460.044921875,6929.9970703125,39.230201721191406,52.937713623046875
60.512463,1.5747888,303.13345,10521.894,99.23358,36.308643,6506.799,39.182217,52.877853,52.774525,2022-08-20 22:00:00,0.10332800000000475,1.5164012908935547,58.53754425048828,109.23409271240234,305.1877746582031,10460.044921875,6929.9970703125,39.230201721191406,52.937713623046875
60.51209,1.5747668,303.13354,10521.839,99.23229,36.308228,6506.8345,39.182556,52.877438,52.774525,2022-08-20 22:00:00,0.10291300000000092,1.5164012908935547,58.53754425048828,109.23409271240234,305.1877746582031,10460.044921875,6929.9970703125,39.230201721191406,52.937713623046875
60.511723,1.5747449,303.13364,10521.786,99.23105,36.30781,6506.869,39.182884,52.87704,52.774525,2022-08-20 22:00:00,0.10251500000000391,1.5164012908935547,58.53754425048828,109.23409271240234,305.1877746582031,10460.044921875,6929.9970703125,39.230201721191406,52.937713623046875
60.511375,1.574724,303.1337,10521.734,99.22984,36.307423,6506.903,39.18321,52.876656,52.774525,2022-08-20 22:00:00,0.10213099999999997,1.5164012908935547,58.53754425048828,109.23409271240234,305.1877746582031,10460.044921875,6929.9970703125,39.230201721191406,52.937713623046875
60.511032,1.5747033,303.13373,10521.684,99.22865,36.307037,6506.936,39.18352,52.876286,52.774525,2022-08-20 22:00:00,0.10176100000000332,1.5164012908935547,58.53754425048828,109.23409271240234,305.1877746582031,10460.044921875,6929.9970703125,39.230201721191406,52.937713623046875
60.510696,1.5746835,303.13382,10521.636,99.22751,36.306664,6506.968,39.18382,52.87592,52.774525,2022-08-20 22:00:00,0.10139500000000368,1.5164012908935547,58.53754425048828,109.23409271240234,305.1877746582031,10460.044921875,6929.9970703125,39.230201721191406,52.937713623046875
60.51037,1.5746644,303.1339,10521.588,99.226395,36.306293,6506.999,39.184113,52.875572,52.774525,2022-08-20 22:00:00,0.10104700000000122,1.5164012908935547,58.53754425048828,109.23409271240234,305.1877746582031,10460.044921875,6929.9970703125,39.230201721191406,52.937713623046875
60.510063,1.5746453,303.13397,10521.541,99.2253,36.305943,6507.0293,39.184402,52.87523,52.774525,2022-08-20 22:00:00,0.10070500000000493,1.5164012908935547,58.53754425048828,109.23409271240234,305.1877746582031,10460.044921875,6929.9970703125,39.230201721191406,52.937713623046875
60.50975,1.5746272,303.13403,10521.497,99.22424,36.305603,6507.0586,39.18469,52.87488,52.774525,2022-08-20 22:00:00,0.10035500000000042,1.5164012908935547,58.53754425048828,109.23409271240234,305.1877746582031,10460.044921875,6929.9970703125,39.230201721191406,52.937713623046875
60.509453,1.5746096,303.1341,10521.452,99.22322,36.305267,6507.087,39.18496,52.874565,52.774525,2022-08-20 22:00:00,0.1000399999999999,1.5164012908935547,58.53754425048828,109.23409271240234,305.1877746582031,10460.044921875,6929.9970703125,39.230201721191406,52.937713623046875
60.50916,1.5745924,303.13412,10521.41,99.22223,36.304935,6507.1147,39.18522,52.87424,52.774525,2022-08-20 22:00:00,0.09971500000000333,1.5164012908935547,58.53754425048828,109.23409271240234,305.1877746582031,10460.044921875,6929.9970703125,39.230201721191406,52.937713623046875
60.508884,1.5745755,303.13416,10521.37,99.22125,36.30462,6507.142,39.18548,52.873928,52.774525,2022-08-20 22:00:00,0.09940300000000235,1.5164012908935547,58.53754425048828,109.23409271240234,305.1877746582031,10460.044921875,6929.9970703125,39.230201721191406,52.937713623046875
60.508606,1.5745595,303.1342,10521.328,99.2203,36.30431,6507.1685,39.185722,52.873623,52.774525,2022-08-20 22:00:00,0.09909800000000502,1.5164012908935547,58.53754425048828,109.23409271240234,305.1877746582031,10460.044921875,6929.9970703125,39.230201721191406,52.937713623046875
60.50834,1.5745432,303.1343,10521.289,99.21939,36.304016,6507.1943,39.18597,52.873337,52.774525,2022-08-20 22:00:00,0.09881200000000234,1.5164012908935547,58.53754425048828,109.23409271240234,305.1877746582031,10460.044921875,6929.9970703125,39.230201721191406,52.937713623046875
60.50808,1.5745276,303.13434,10521.251,99.2185,36.30373,6507.219,39.186207,52.87305,52.774525,2022-08-20 22:00:00,0.0985250000000022,1.5164012908935547,58.53754425048828,109.23409271240234,305.1877746582031,10460.044921875,6929.9970703125,39.230201721191406,52.937713623046875
60.507828,1.5745128,303.1344,10521.215,99.21763,36.303444,6507.2437,39.18644,52.872784,52.774525,2022-08-20 22:00:00,0.09825900000000587,1.5164012908935547,58.53754425048828,109.23409271240234,305.1877746582031,10460.044921875,6929.9970703125,39.230201721191406,52.937713623046875
60.507576,1.5744982,303.13443,10521.179,99.21678,36.303173,6507.2676,39.18666,52.87251,52.774525,2022-08-20 22:00:00,0.09798500000000132,1.5164012908935547,58.53754425048828,109.23409271240234,305.1877746582031,10460.044921875,6929.9970703125,39.230201721191406,52.937713623046875
60.507336,1.5744839,303.13446,10521.143,99.215965,36.302906,6507.2905,39.186874,52.872257,52.774525,2022-08-20 22:00:00,0.0977320000000006,1.5164012908935547,58.53754425048828,109.23409271240234,305.1877746582031,10460.044921875,6929.9970703125,39.230201721191406,52.937713623046875
60.507107,1.57447,303.1345,10521.11,99.215164,36.302647,6507.313,39.18709,52.871994,52.774525,2022-08-20 22:00:00,0.0974690000000038,1.5164012908935547,58.53754425048828,109.23409271240234,305.1877746582031,10460.044921875,6929.9970703125,39.230201721191406,52.937713623046875
60.506886,1.5744568,303.13455,10521.076,99.214386,36.302387,6507.3345,39.187298,52.87174,52.774525,2022-08-20 22:00:00,0.0972150000000056,1.5164012908935547,58.53754425048828,109.23409271240234,305.1877746582031,10460.044921875,6929.9970703125,39.230201721191406,52.937713623046875
60.506668,1.5744437,303.13458,10521.043,99.21363,36.302143,6507.356,39.1875,52.871502,52.774525,2022-08-20 22:00:00,0.09697700000000253,1.5164012908935547,58.53754425048828,109.23409271240234,305.1877746582031,10460.044921875,6929.9970703125,39.230201721191406,52.937713623046875
60.506447,1.574431,303.13464,10521.013,99.2129,36.301903,6507.3765,39.18769,52.87126,52.774525,2022-08-20 22:00:00,0.09673500000000246,1.5164012908935547,58.53754425048828,109.23409271240234,305.1877746582031,10460.044921875,6929.9970703125,39.230201721191406,52.937713623046875
60.506237,1.5744185,303.13467,10520.983,99.21218,36.301666,6507.397,39.18788,52.871037,52.774525,2022-08-20 22:00:00,0.09651200000000415,1.5164012908935547,58.53754425048828,109.23409271240234,305.1877746582031,10460.044921875,6929.9970703125,39.230201721191406,52.937713623046875
60.50604,1.5744067,303.13467,10520.952,99.211494,36.301445,6507.4165,39.188072,52.87082,52.774525,2022-08-20 22:00:00,0.0962950000000049,1.5164012908935547,58.53754425048828,109.23409271240234,305.1877746582031,10460.044921875,6929.9970703125,39.230201721191406,52.937713623046875
60.505844,1.5743952,303.13474,10520.925,99.210815,36.30122,6507.4355,39.18825,52.870598,52.774525,2022-08-20 22:00:00,0.09607300000000407,1.5164012908935547,58.53754425048828,109.23409271240234,305.1877746582031,10460.044921875,6929.9970703125,39.230201721191406,52.937713623046875
60.505657,1.5743837,303.13477,10520.8955,99.21015,36.301006,6507.454,39.188416,52.870384,52.774525,2022-08-20 22:00:00,0.09585900000000436,1.5164012908935547,58.53754425048828,109.23409271240234,305.1877746582031,10460.044921875,6929.9970703125,39.230201721191406,52.937713623046875
60.50547,1.5743725,303.1348,10520.869,99.20952,36.300808,6507.472,39.18859,52.870182,52.774525,2022-08-20 22:00:00,0.09565700000000277,1.5164012908935547,58.53754425048828,109.23409271240234,305.1877746582031,10460.044921875,6929.9970703125,39.230201721191406,52.937713623046875
60.50528,1.574362,303.13486,10520.843,99.2089,36.300594,6507.4897,39.18875,52.86998,52.774525,2022-08-20 22:00:00,0.09545500000000118,1.5164012908935547,58.53754425048828,109.23409271240234,305.1877746582031,10460.044921875,6929.9970703125,39.230201721191406,52.937713623046875
60.50511,1.5743513,303.13486,10520.816,99.2083,36.300404,6507.507,39.188915,52.869797,52.774525,2022-08-20 22:00:00,0.09527200000000136,1.5164012908935547,58.53754425048828,109.23409271240234,305.1877746582031,10460.044921875,6929.9970703125,39.230201721191406,52.937713623046875
60.504932,1.5743413,303.1349,10520.791,99.2077,36.30021,6507.523,39.18907,52.8696,52.774525,2022-08-20 22:00:00,0.09507500000000135,1.5164012908935547,58.53754425048828,109.23409271240234,305.1877746582031,10460.044921875,6929.9970703125,39.230201721191406,52.937713623046875
60.504772,1.5743314,303.13492,10520.767,99.20714,36.300022,6507.5396,39.189224,52.86942,52.774525,2022-08-20 22:00:00,0.09489500000000106,1.5164012908935547,58.53754425048828,109.23409271240234,305.1877746582031,10460.044921875,6929.9970703125,39.230201721191406,52.937713623046875
60.504616,1.5743216,303.13495,10520.743,99.20659,36.299843,6507.555,39.18937,52.869244,52.774525,2022-08-20 22:00:00,0.09471900000000488,1.5164012908935547,58.53754425048828,109.23409271240234,305.1877746582031,10460.044921875,6929.9970703125,39.230201721191406,52.937713623046875
60.50445,1.5743123,303.13498,10520.719,99.20604,36.299664,6507.5703,39.189514,52.869064,52.774525,2022-08-20 22:00:00,0.09453900000000459,1.5164012908935547,58.53754425048828,109.23409271240234,305.1877746582031,10460.044921875,6929.9970703125,39.230201721191406,52.937713623046875
60.5043,1.5743032,303.13504,10520.697,99.205505,36.2995,6507.5854,39.18965,52.868896,52.774525,2022-08-20 22:00:00,0.09437100000000243,1.5164012908935547,58.53754425048828,109.23409271240234,305.1877746582031,10460.044921875,6929.9970703125,39.230201721191406,52.937713623046875
60.504147,1.5742943,303.13504,10520.676,99.205,36.299328,6507.6,39.189793,52.868736,52.774525,2022-08-20 22:00:00,0.09421100000000138,1.5164012908935547,58.53754425048828,109.23409271240234,305.1877746582031,10460.044921875,6929.9970703125,39.230201721191406,52.937713623046875
60.504005,1.5742859,303.13507,10520.655,99.2045,36.299168,6507.614,39.189926,52.868572,52.774525,2022-08-20 22:00:00,0.09404700000000332,1.5164012908935547,58.53754425048828,109.23409271240234,305.1877746582031,10460.044921875,6929.9970703125,39.230201721191406,52.937713623046875
60.50387,1.5742775,303.13513,10520.633,99.20402,36.299004,6507.628,39.19006,52.86842,52.774525,2022-08-20 22:00:00,0.09389500000000339,1.5164012908935547,58.53754425048828,109.23409271240234,305.1877746582031,10460.044921875,6929.9970703125,39.230201721191406,52.937713623046875
60.50372,1.5742694,303.1351,10520.614,99.20355,36.298855,6507.641,39.190174,52.86827,52.774525,2022-08-20 22:00:00,0.09374500000000552,1.5164012908935547,58.53754425048828,109.23409271240234,305.1877746582031,10460.044921875,6929.9970703125,39.230201721191406,52.937713623046875
60.503593,1.5742615,303.13516,10520.594,99.203094,36.298714,6507.6543,39.190304,52.86812,52.774525,2022-08-20 22:00:00,0.09359500000000054,1.5164012908935547,58.53754425048828,109.23409271240234,305.1877746582031,10460.044921875,6929.9970703125,39.230201721191406,52.937713623046875
60.50347,1.5742537,303.13516,10520.575,99.202644,36.298565,6507.667,39.19042,52.867973,52.774525,2022-08-20 22:00:00,0.0934480000000022,1.5164012908935547,58.53754425048828,109.23409271240234,305.1877746582031,10460.044921875,6929.9970703125,39.230201721191406,52.937713623046875
60.50334,1.5742463,303.13516,10520.556,99.20221,36.29842,6507.6787,39.190536,52.867832,52.774525,2022-08-20 22:00:00,0.09330700000000292,1.5164012908935547,58.53754425048828,109.23409271240234,305.1877746582031,10460.044921875,6929.9970703125,39.230201721191406,52.937713623046875
60.503216,1.5742389,303.1352,10520.538,99.20179,36.29829,6507.691,39.190647,52.8677,52.774525,2022-08-20 22:00:00,0.09317500000000223,1.5164012908935547,58.53754425048828,109.23409271240234,305.1877746582031,10460.044921875,6929.9970703125,39.230201721191406,52.937713623046875
60.50309,1.5742319,303.13522,10520.521,99.20139,36.298157,6507.7026,39.190758,52.867577,52.774525,2022-08-20 22:00:00,0.09305200000000013,1.5164012908935547,58.53754425048828,109.23409271240234,305.1877746582031,10460.044921875,6929.9970703125,39.230201721191406,52.937713623046875
60.50298,1.574225,303.13525,10520.503,99.20098,36.298027,6507.714,39.19086,52.867435,52.774525,2022-08-20 22:00:00,0.09291000000000338,1.5164012908935547,58.53754425048828,109.23409271240234,305.1877746582031,10460.044921875,6929.9970703125,39.230201721191406,52.937713623046875
60.502865,1.5742183,303.13525,10520.487,99.20061,36.297894,6507.725,39.190968,52.86731,52.774525,2022-08-20 22:00:00,0.09278500000000633,1.5164012908935547,58.53754425048828,109.23409271240234,305.1877746582031,10460.044921875,6929.9970703125,39.230201721191406,52.937713623046875
60.502754,1.574212,303.13528,10520.472,99.20022,36.29778,6507.7354,39.191067,52.8672,52.774525,2022-08-20 22:00:00,0.09267499999999984,1.5164012908935547,58.53754425048828,109.23409271240234,305.1877746582031,10460.044921875,6929.9970703125,39.230201721191406,52.937713623046875
60.50265,1.5742055,303.1353,10520.455,99.19985,36.297657,6507.746,39.191162,52.867077,52.774525,2022-08-20 22:00:00,0.09255200000000485,1.5164012908935547,58.53754425048828,109.23409271240234,305.1877746582031,10460.044921875,6929.9970703125,39.230201721191406,52.937713623046875
60.50255,1.5741994,303.1353,10520.44,99.1995,36.297535,6507.756,39.19126,52.866966,52.774525,2022-08-20 22:00:00,0.09244100000000088,1.5164012908935547,58.53754425048828,109.23409271240234,305.1877746582031,10460.044921875,6929.9970703125,39.230201721191406,52.937713623046875
60.50245,1.5741932,303.13528,10520.426,99.19915,36.297432,6507.766,39.191353,52.86685,52.774525,2022-08-20 22:00:00,0.09232500000000243,1.5164012908935547,58.53754425048828,109.23409271240234,305.1877746582031,10460.044921875,6929.9970703125,39.230201721191406,52.937713623046875
60.50235,1.5741874,303.13535,10520.412,99.19881,36.297314,6507.776,39.191444,52.86674,52.774525,2022-08-20 22:00:00,0.09221500000000304,1.5164012908935547,58.53754425048828,109.23409271240234,305.1877746582031,10460.044921875,6929.9970703125,39.230201721191406,52.937713623046875
60.502247,1.5741818,303.13535,10520.397,99.198494,36.297207,6507.785,39.191532,52.86663,52.774525,2022-08-20 22:00:00,0.09210500000000366,1.5164012908935547,58.53754425048828,109.23409271240234,305.1877746582031,10460.044921875,6929.9970703125,39.230201721191406,52.937713623046875
60.50216,1.5741764,303.1354,10520.383,99.198166,36.297104,6507.794,39.191616,52.86654,52.774525,2022-08-20 22:00:00,0.09201500000000351,1.5164012908935547,58.53754425048828,109.23409271240234,305.1877746582031,10460.044921875,6929.9970703125,39.230201721191406,52.937713623046875
60.50207,1.5741708,303.1354,10520.37,99.19786,36.29701,6507.8027,39.191692,52.86643,52.774525,2022-08-20 22:00:00,0.09190500000000412,1.5164012908935547,58.53754425048828,109.23409271240234,305.1877746582031,10460.044921875,6929.9970703125,39.230201721191406,52.937713623046875
60.501976,1.5741657,303.1354,10520.356,99.197556,36.29691,6507.8115,39.191776,52.866337,52.774525,2022-08-20 22:00:00,0.09181200000000445,1.5164012908935547,58.53754425048828,109.23409271240234,305.1877746582031,10460.044921875,6929.9970703125,39.230201721191406,52.937713623046875
60.501892,1.5741606,303.1354,10520.345,99.19726,36.29681,6507.82,39.191853,52.86624,52.774525,2022-08-20 22:00:00,0.09171500000000066,1.5164012908935547,58.53754425048828,109.23409271240234,305.1877746582031,10460.044921875,6929.9970703125,39.230201721191406,52.937713623046875
60.50181,1.5741556,303.13544,10520.333,99.19697,36.29671,6507.828,39.191933,52.866142,52.774525,2022-08-20 22:00:00,0.0916170000000065,1.5164012908935547,58.53754425048828,109.23409271240234,305.1877746582031,10460.044921875,6929.9970703125,39.230201721191406,52.937713623046875
60.501724,1.574151,303.13544,10520.32,99.1967,36.296623,6507.836,39.192005,52.86606,52.774525,2022-08-20 22:00:00,0.09153500000000037,1.5164012908935547,58.53754425048828,109.23409271240234,305.1877746582031,10460.044921875,6929.9970703125,39.230201721191406,52.937713623046875
60.501648,1.5741462,303.13547,10520.309,99.19643,36.296543,6507.8433,39.192078,52.865967,52.774525,2022-08-20 22:00:00,0.09144200000000069,1.5164012908935547,58.53754425048828,109.23409271240234,305.1877746582031,10460.044921875,6929.9970703125,39.230201721191406,52.937713623046875
60.50157,1.5741419,303.13547,10520.298,99.19617,36.29645,6507.8516,39.192146,52.865887,52.774525,2022-08-20 22:00:00,0.09136200000000372,1.5164012908935547,58.53754425048828,109.23409271240234,305.1877746582031,10460.044921875,6929.9970703125,39.230201721191406,52.937713623046875
60.501503,1.5741372,303.1355,10520.287,99.195915,36.29637,6507.8584,39.192215,52.865803,52.774525,2022-08-20 22:00:00,0.09127800000000263,1.5164012908935547,58.53754425048828,109.23409271240234,305.1877746582031,10460.044921875,6929.9970703125,39.230201721191406,52.937713623046875
60.501427,1.574133,303.1355,10520.276,99.19566,36.296288,6507.865,39.19228,52.865723,52.774525,2022-08-20 22:00:00,0.09119800000000566,1.5164012908935547,58.53754425048828,109.23409271240234,305.1877746582031,10460.044921875,6929.9970703125,39.230201721191406,52.937713623046875
60.501358,1.574129,303.13553,10520.267,99.19542,36.296207,6507.872,39.192352,52.86565,52.774525,2022-08-20 22:00:00,0.09112500000000523,1.5164012908935547,58.53754425048828,109.23409271240234,305.1877746582031,10460.044921875,6929.9970703125,39.230201721191406,52.937713623046875
60.501286,1.5741248,303.13553,10520.257,99.1952,36.29613,6507.879,39.192413,52.86557,52.774525,2022-08-20 22:00:00,0.09104500000000115,1.5164012908935547,58.53754425048828,109.23409271240234,305.1877746582031,10460.044921875,6929.9970703125,39.230201721191406,52.937713623046875
60.501286,1.5740997,303.13614,10520.274,99.192665,36.296368,6507.875,39.1923,52.865723,52.774525,2022-08-20 22:00:00,0.09119800000000566,1.5164014101028442,58.53652572631836,109.23409271240234,305.1877746582031,10460.044921875,6929.99755859375,39.22996520996094,52.93771743774414
60.50127,1.574087,303.13608,10520.262,99.19153,36.296154,6507.8813,39.192184,52.86559,52.774525,2022-08-20 22:00:00,0.0910650000000004,1.5164014101028442,58.53652572631836,109.23409271240234,305.1877746582031,10460.044921875,6929.99755859375,39.22996520996094,52.93771743774414
60.501263,1.5740794,303.13605,10520.254,99.19075,36.29597,6507.8984,39.192165,52.865498,52.774525,2022-08-20 22:00:00,0.0909730000000053,1.5164014101028442,58.53652572631836,109.23409271240234,305.1877746582031,10460.044921875,6929.99755859375,39.22996520996094,52.93771743774414
60.501236,1.5740736,303.13596,10520.243,99.1902,36.295788,6507.917,39.19219,52.865368,52.774525,2022-08-20 22:00:00,0.09084299999999956,1.5164014101028442,58.53652572631836,109.23409271240234,305.1877746582031,10460.044921875,6929.99755859375,39.22996520996094,52.93771743774414
60.50118,1.5740683,303.1359,10520.234,99.18979,36.295635,6507.9346,39.192238,52.86524,52.774525,2022-08-20 22:00:00,0.09071500000000299,1.5164014101028442,58.53652572631836,109.23409271240234,305.1877746582031,10460.044921875,6929.99755859375,39.22996520996094,52.93771743774414
60.50114,1.5740639,303.13577,10520.223,99.18946,36.29549,6507.9526,39.1923,52.865116,52.774525,2022-08-20 22:00:00,0.09059100000000342,1.5164014101028442,58.53652572631836,109.23409271240234,305.1877746582031,10460.044921875,6929.99755859375,39.22996520996094,52.93771743774414
60.501083,1.5740596,303.13562,10520.212,99.18918,36.29537,6507.9688,39.19237,52.864994,52.774525,2022-08-20 22:00:00,0.0904690000000059,1.5164014101028442,58.53652572631836,109.23409271240234,305.1877746582031,10460.044921875,6929.99755859375,39.22996520996094,52.93771743774414
60.50102,1.5740556,303.13553,10520.203,99.188934,36.295265,6507.9844,39.19244,52.864872,52.774525,2022-08-20 22:00:00,0.09034700000000129,1.5164014101028442,58.53652572631836,109.23409271240234,305.1877746582031,10460.044921875,6929.99755859375,39.22996520996094,52.93771743774414
60.500954,1.5740516,303.13544,10520.192,99.18872,36.295162,6507.999,39.192513,52.86475,52.774525,2022-08-20 22:00:00,0.09022500000000377,1.5164014101028442,58.53652572631836,109.23409271240234,305.1877746582031,10460.044921875,6929.99755859375,39.22996520996094,52.93771743774414
60.500885,1.5740476,303.13528,10520.182,99.18851,36.295074,6508.0127,39.19259,52.864628,52.774525,2022-08-20 22:00:00,0.09010300000000626,1.5164014101028442,58.53652572631836,109.23409271240234,305.1877746582031,10460.044921875,6929.99755859375,39.22996520996094,52.93771743774414
60.500816,1.574044,303.1352,10520.172,99.188324,36.29499,6508.025,39.192657,52.86452,52.774525,2022-08-20 22:00:00,0.08999500000000182,1.5164014101028442,58.53652572631836,109.23409271240234,305.1877746582031,10460.044921875,6929.99755859375,39.22996520996094,52.93771743774414
60.50076,1.5740402,303.1351,10520.163,99.188126,36.294914,6508.038,39.192726,52.864418,52.774525,2022-08-20 22:00:00,0.08989300000000355,1.5164014101028442,58.53652572631836,109.23409271240234,305.1877746582031,10460.044921875,6929.99755859375,39.22996520996094,52.93771743774414
60.50069,1.5740367,303.13498,10520.152,99.18795,36.294838,6508.0493,39.1928,52.864307,52.774525,2022-08-20 22:00:00,0.08978199999999958,1.5164014101028442,58.53652572631836,109.23409271240234,305.1877746582031,10460.044921875,6929.99755859375,39.22996520996094,52.93771743774414
60.50063,1.5740333,303.13492,10520.142,99.187775,36.29476,6508.0596,39.192867,52.864216,52.774525,2022-08-20 22:00:00,0.08969100000000196,1.5164014101028442,58.53652572631836,109.23409271240234,305.1877746582031,10460.044921875,6929.99755859375,39.22996520996094,52.93771743774414
60.500572,1.5740298,303.13483,10520.133,99.187584,36.29469,6508.071,39.192936,52.864124,52.774525,2022-08-20 22:00:00,0.08959899999999976,1.5164014101028442,58.53652572631836,109.23409271240234,305.1877746582031,10460.044921875,6929.99755859375,39.22996520996094,52.93771743774414
60.500504,1.5740265,303.13477,10520.123,99.187416,36.29463,6508.08,39.192997,52.864037,52.774525,2022-08-20 22:00:00,0.08951200000000625,1.5164014101028442,58.53652572631836,109.23409271240234,305.1877746582031,10460.044921875,6929.99755859375,39.22996520996094,52.93771743774414
